gender,SeniorCitizen,Partner,Dependents,tenure,PhoneService,PaperlessBilling,MonthlyCharges,TotalCharges,InternetService_Fiber optic,InternetService_No,Contract_One year,Contract_Two year,PaymentMethod_Credit card (automatic),PaymentMethod_Electronic check,PaymentMethod_Mailed check,MultipleLines_Yes,OnlineSecurity_Yes,OnlineBackup_Yes,DeviceProtection_Yes,TechSupport_Yes,StreamingTV_Yes,StreamingMovies_Yes,avg_monthly_spend,tenure_group_7-12mo,tenure_group_13-24mo,tenure_group_25-48mo,tenure_group_49-72mo,actual_churn,predicted_proba,segment
1,0,1,1,72,1,1,114.05,8468.2,True,False,False,True,True,False,False,True,True,True,True,True,True,True,117.6138888888889,False,False,False,True,0,0.10923787,2
0,1,0,0,8,1,1,100.15,908.55,True,False,False,False,True,False,False,True,False,False,False,True,True,True,113.56875,True,False,False,False,0,0.78717136,1
0,0,1,1,41,1,1,78.35,3211.2,False,False,True,False,True,False,False,True,True,True,True,False,True,False,78.32195121951219,False,False,True,False,0,0.1477294,1
1,0,1,0,18,1,0,78.2,1468.75,True,False,False,False,False,True,False,False,False,False,True,True,False,False,81.59722222222223,False,True,False,False,0,0.60510576,1
0,0,1,0,72,1,1,82.65,5919.35,False,False,False,True,True,False,False,True,True,True,True,False,True,True,82.21319444444445,False,False,False,True,0,0.09463267,2
0,0,0,0,21,1,1,99.85,1992.55,True,False,False,False,True,False,False,True,False,True,False,False,True,True,94.88333333333333,False,True,False,False,0,0.6564188,1
0,0,0,0,21,1,1,99.15,1956.4,True,False,False,False,False,False,False,False,False,True,False,True,True,True,93.16190476190476,False,True,False,False,0,0.5558762,1
1,0,0,1,19,1,1,24.1,439.2,False,True,False,False,True,False,False,True,False,False,False,False,False,False,23.11578947368421,False,True,False,False,0,0.19313265,3
0,0,1,1,61,1,0,19.75,1311.6,False,True,False,True,True,False,False,False,False,False,False,False,False,False,21.501639344262294,False,False,False,True,0,0.08666176,0
1,1,0,0,17,1,1,45.05,770.6,False,False,False,False,False,True,False,False,False,False,False,False,False,False,45.32941176470588,False,True,False,False,1,0.50083715,3
1,0,1,1,70,1,1,106.05,7554.05,True,False,False,False,False,True,False,True,True,True,False,False,True,True,107.915,False,False,False,True,0,0.28600153,2
0,1,1,0,72,1,1,114.85,8317.95,True,False,False,True,False,False,False,True,True,True,True,True,True,True,115.52708333333334,False,False,False,True,0,0.1255337,2
1,0,0,0,49,0,1,30.2,1453.1,False,False,False,False,False,False,False,False,False,False,True,False,False,False,29.655102040816324,False,False,False,True,0,0.22994225,0
0,1,0,0,11,1,1,84.8,906.85,True,False,False,False,True,False,False,True,False,False,False,False,False,True,82.44090909090909,True,False,False,False,1,0.721793,1
0,0,0,1,19,1,0,48.8,953.65,False,False,False,False,False,False,True,False,False,False,False,True,False,False,50.19210526315789,False,True,False,False,0,0.2306681,3
1,0,1,1,72,1,1,84.5,6130.85,True,False,False,True,True,False,False,True,False,False,False,False,False,True,85.15069444444445,False,False,False,True,0,0.11476375,2
0,0,1,1,8,1,0,19.5,159.35,False,True,False,True,False,False,False,False,False,False,False,False,False,False,19.91875,True,False,False,False,0,0.119924344,3
1,0,0,1,15,1,1,91.0,1430.05,True,False,False,False,False,True,False,True,False,True,False,False,True,False,95.33666666666666,False,True,False,False,0,0.6450982,1
0,0,1,0,67,1,1,105.7,6816.95,True,False,True,False,False,False,False,True,False,True,True,False,True,True,101.7455223880597,False,False,False,True,0,0.3898911,2
0,0,1,0,26,0,0,35.4,978.6,False,False,True,False,True,False,False,False,True,False,True,False,False,False,37.63846153846154,False,False,True,False,0,0.2227561,3
1,1,0,0,2,1,1,74.85,156.4,True,False,False,False,False,False,True,True,False,False,False,False,False,False,78.2,False,False,False,False,1,0.73197305,1
0,0,1,0,21,0,0,28.5,629.35,False,False,False,False,False,True,False,False,True,False,False,False,False,False,29.969047619047622,False,True,False,False,0,0.58739704,3
0,0,1,0,49,1,1,20.05,923.1,False,True,True,False,False,False,False,False,False,False,False,False,False,False,18.838775510204083,False,False,False,True,0,0.111504115,0
1,0,1,1,21,1,0,19.8,350.1,False,True,True,False,False,False,True,False,False,False,False,False,False,False,16.67142857142857,False,True,False,False,0,0.118173644,3
0,0,1,0,51,1,0,69.15,3649.6,True,False,False,False,False,False,True,False,False,False,False,False,False,False,71.56078431372549,False,False,False,True,0,0.3185759,2
1,1,1,0,16,1,1,54.55,825.1,False,False,False,False,False,False,False,False,True,True,False,False,False,False,51.56875,False,True,False,False,0,0.23183535,3
0,0,0,0,22,1,0,89.25,1907.85,True,False,False,False,False,True,False,False,False,False,False,False,True,True,86.72045454545454,False,True,False,False,1,0.71858656,1
1,0,1,0,13,1,1,102.25,1359.0,True,False,False,False,True,False,False,True,False,False,True,False,True,True,104.53846153846153,False,True,False,False,1,0.6469126,1
0,0,0,1,43,1,1,25.1,1070.15,False,True,False,True,False,True,False,True,False,False,False,False,False,False,24.887209302325584,False,False,True,False,0,0.18178338,0
0,0,0,0,3,1,1,89.45,240.45,True,False,False,False,False,True,False,False,False,False,False,False,True,True,80.14999999999999,False,False,False,False,1,0.8010509,1
1,1,0,0,54,1,1,90.05,4931.8,True,False,False,False,False,True,False,True,False,True,False,False,False,True,91.32962962962964,False,False,False,True,0,0.54097867,2
1,0,0,1,1,0,0,24.2,24.2,False,False,False,False,False,False,True,False,False,False,False,False,False,False,24.2,False,False,False,False,0,0.5900869,3
1,0,1,1,69,1,1,20.55,1403.1,False,True,True,False,True,False,False,False,False,False,False,False,False,False,20.33478260869565,False,False,False,True,0,0.09799234,0
1,0,0,0,62,1,0,23.4,1429.65,False,True,False,True,False,False,False,True,False,False,False,False,False,False,23.058870967741935,False,False,False,True,0,0.09792698,0
0,0,0,0,2,1,1,90.4,168.2,True,False,False,False,False,True,False,False,False,False,False,False,True,True,84.1,False,False,False,False,1,0.8019498,1
0,1,1,1,62,1,1,96.1,6019.35,True,False,False,False,True,False,False,True,False,True,True,False,False,True,97.08629032258065,False,False,False,True,0,0.25891802,2
1,1,0,0,2,1,0,44.95,85.15,False,False,False,False,False,False,True,False,False,False,False,False,False,False,42.575,False,False,False,False,1,0.59898615,3
1,0,1,1,69,1,0,19.9,1356.7,False,True,False,True,False,False,False,False,False,False,False,False,False,False,19.66231884057971,False,False,False,True,0,0.08161767,0
0,0,0,0,1,1,1,74.5,74.5,True,False,False,False,False,True,False,True,False,False,False,False,False,False,74.5,False,False,False,False,1,0.8511204,1
1,0,0,0,31,1,1,55.25,1715.65,False,False,False,False,False,True,False,False,False,False,True,True,False,False,55.343548387096774,False,False,True,False,1,0.24649528,1
1,1,0,0,69,1,0,20.3,1356.3,False,True,False,True,True,False,False,False,False,False,False,False,False,False,19.656521739130433,False,False,False,True,0,0.10824489,0
1,0,1,0,2,1,1,91.45,171.45,True,False,False,False,False,True,False,True,False,False,True,False,True,False,85.725,False,False,False,False,0,0.8183082,1
0,0,0,0,33,1,1,70.4,2406.1,True,False,False,False,False,False,False,False,False,False,False,False,False,False,72.9121212121212,False,False,True,False,0,0.4491935,1
0,0,1,0,3,1,1,19.6,55.25,False,True,False,False,False,False,True,False,False,False,False,False,False,False,18.416666666666668,False,False,False,False,0,0.28779447,3
1,0,0,0,44,1,0,65.4,2774.55,False,False,True,False,False,True,False,False,True,False,False,True,True,False,63.05795454545455,False,False,True,False,0,0.28221527,0
1,0,0,0,10,1,1,110.1,1043.3,True,False,False,False,False,True,False,False,True,True,True,True,True,True,104.33,True,False,False,False,1,0.70965606,1
0,0,0,0,8,1,1,75.25,576.7,True,False,False,False,False,True,False,True,False,False,False,False,False,False,72.0875,True,False,False,False,0,0.81503993,1
1,0,0,0,8,1,1,66.65,520.95,False,False,False,False,False,True,False,False,False,True,False,True,True,False,65.11875,True,False,False,False,0,0.51700604,1
0,0,1,1,69,1,1,20.35,1442.65,False,True,True,False,True,False,False,False,False,False,False,False,False,False,20.907971014492755,False,False,False,True,0,0.09962901,0
0,0,0,0,23,1,0,75.6,1758.6,True,False,False,False,False,False,False,True,False,False,False,False,False,False,76.4608695652174,False,True,False,False,1,0.47018188,1
1,0,0,0,66,1,0,25.1,1697.7,False,True,False,True,False,False,True,True,False,False,False,False,False,False,25.722727272727273,False,False,False,True,0,0.0990895,0
0,0,1,1,1,1,1,102.45,102.45,True,False,False,False,False,True,False,True,True,False,True,False,True,True,102.45,False,False,False,False,1,0.79071397,1
0,0,0,0,3,1,0,19.95,58.0,False,True,False,False,False,False,True,False,False,False,False,False,False,False,19.333333333333332,False,False,False,False,0,0.3402015,3
0,0,0,1,5,1,1,51.0,286.8,False,False,False,False,False,False,True,False,False,False,False,True,False,False,57.36,False,False,False,False,0,0.4175945,3
0,0,0,1,1,1,0,51.2,51.2,False,False,False,False,False,False,True,False,True,False,False,False,False,False,51.2,False,False,False,False,0,0.63601494,3
0,0,0,0,9,1,1,77.65,714.15,True,False,False,False,False,False,False,False,False,False,False,False,True,False,79.35,True,False,False,False,1,0.63100016,1
1,0,1,1,36,1,1,63.7,2188.5,False,False,True,False,True,False,False,False,True,False,True,False,False,True,60.791666666666664,False,False,True,False,0,0.16030037,1
1,0,1,1,68,1,1,85.5,5696.6,True,False,True,False,False,False,False,True,True,True,False,False,False,False,83.77352941176471,False,False,False,True,0,0.14980523,2
0,0,1,1,35,0,0,40.9,1383.6,False,False,True,False,False,False,True,False,False,False,False,True,True,False,39.53142857142857,False,False,True,False,0,0.16458988,0
1,0,1,1,60,1,0,20.55,1205.05,False,True,False,True,False,False,True,False,False,False,False,False,False,False,20.084166666666665,False,False,False,True,0,0.082831584,0
0,0,1,1,72,1,0,74.55,5430.65,False,False,False,True,False,False,True,True,True,True,False,True,True,False,75.42569444444445,False,False,False,True,0,0.08690504,2
1,0,0,0,45,1,1,20.4,930.45,False,True,True,False,False,True,False,False,False,False,False,False,False,False,20.67666666666667,False,False,True,False,1,0.22268373,0
1,0,1,1,37,1,0,91.2,3247.55,True,False,True,False,True,False,False,False,False,False,False,False,True,True,87.77162162162162,False,False,True,False,0,0.36672187,1
0,0,1,1,7,1,0,50.7,350.35,False,False,False,False,False,False,True,False,True,False,False,False,False,False,50.050000000000004,True,False,False,False,0,0.28614917,3
0,0,0,0,4,1,0,50.7,151.3,False,False,False,False,True,False,False,False,False,True,False,False,False,False,37.825,False,False,False,False,1,0.5073815,3
0,0,0,0,1,1,1,54.9,54.9,False,False,False,False,False,True,False,False,True,True,False,False,False,False,54.9,False,False,False,False,1,0.7202018,3
0,0,0,0,4,1,1,60.4,272.15,False,False,False,False,False,False,True,False,True,True,False,True,False,False,68.0375,False,False,False,False,1,0.3954406,1
1,0,1,0,18,1,1,49.55,878.35,False,False,False,False,False,False,True,False,False,False,True,False,False,False,48.797222222222224,False,True,False,False,1,0.2239832,3
0,0,0,0,12,1,0,74.05,872.65,False,False,True,False,False,False,True,True,False,False,False,True,True,True,72.72083333333333,True,False,False,False,1,0.42658755,1
0,0,1,1,1,1,1,80.05,80.05,True,False,False,False,False,False,True,False,False,False,False,False,True,False,80.05,False,False,False,False,1,0.75053805,1
1,0,1,1,72,1,0,25.0,1738.9,False,True,False,True,False,False,False,True,False,False,False,False,False,False,24.15138888888889,False,False,False,True,0,0.081166305,0
1,0,1,0,42,1,0,20.25,835.5,False,True,False,True,False,True,False,False,False,False,False,False,False,False,19.892857142857142,False,False,True,False,0,0.21198094,0
1,1,0,0,24,1,1,76.1,1712.7,True,False,False,False,False,True,False,True,False,False,False,False,False,False,71.3625,False,True,False,False,1,0.71378773,1
1,0,1,1,26,1,0,78.95,2034.25,True,False,True,False,False,False,False,False,False,False,False,False,False,True,78.24038461538461,False,False,True,False,0,0.3562182,1
0,0,1,1,68,1,1,73.0,5163.0,False,False,True,False,True,False,False,True,True,True,True,False,True,False,75.92647058823529,False,False,False,True,0,0.11920765,2
0,0,0,0,17,1,0,19.9,323.15,False,True,True,False,False,False,False,False,False,False,False,False,False,False,19.008823529411764,False,True,False,False,0,0.15307614,3
1,0,1,1,59,1,1,111.1,6555.2,True,False,False,True,False,False,True,True,True,True,False,True,True,True,111.10508474576271,False,False,False,True,0,0.20476256,2
1,0,1,1,13,1,1,74.4,896.75,True,False,False,False,True,False,False,True,False,False,False,False,False,False,68.98076923076923,False,True,False,False,1,0.43200132,1
0,0,0,0,2,1,1,20.45,42.45,False,True,False,False,False,False,True,False,False,False,False,False,False,False,21.225,False,False,False,False,0,0.40163139,3
0,0,1,0,67,1,0,19.65,1335.2,False,True,False,True,False,False,True,False,False,False,False,False,False,False,19.928358208955224,False,False,False,True,0,0.090801105,0
0,0,0,0,17,1,0,20.05,337.9,False,True,True,False,True,False,False,False,False,False,False,False,False,False,19.876470588235293,False,True,False,False,0,0.16554166,3
1,0,1,0,71,1,1,80.1,5585.4,False,False,False,True,False,False,True,True,True,True,True,True,False,True,78.66760563380281,False,False,False,True,0,0.093719184,2
0,0,1,1,17,1,0,98.6,1704.95,True,False,True,False,False,False,False,False,False,False,True,True,True,True,100.29117647058824,False,True,False,False,1,0.445328,1
1,0,0,0,1,1,1,89.55,89.55,True,False,False,False,False,True,False,False,False,False,False,False,True,True,89.55,False,False,False,False,1,0.8304453,1
0,0,1,1,6,1,0,19.7,94.45,False,True,True,False,False,False,True,False,False,False,False,False,False,False,15.741666666666667,False,False,False,False,0,0.15752673,3
1,0,1,0,61,1,1,114.1,7132.15,True,False,False,False,False,True,False,True,False,True,True,True,True,True,116.92049180327868,False,False,False,True,0,0.55202353,2
0,0,0,0,6,1,1,73.85,401.3,True,False,False,False,False,False,True,True,False,False,False,False,False,False,66.88333333333334,False,False,False,False,0,0.7340431,1
0,1,0,0,1,0,0,25.05,25.05,False,False,False,False,False,False,True,False,False,False,False,False,False,False,25.05,False,False,False,False,1,0.68609035,3
0,0,1,1,21,1,1,102.8,2110.15,True,False,False,False,False,True,False,False,False,True,True,True,True,True,100.48333333333333,False,True,False,False,1,0.5739081,1
0,0,1,0,60,1,1,110.8,6640.7,True,False,False,True,True,False,False,True,False,True,True,True,True,True,110.67833333333333,False,False,False,True,0,0.2940449,2
0,1,0,0,20,1,1,85.8,1727.5,True,False,False,False,True,False,False,True,False,False,False,False,False,True,86.375,False,True,False,False,1,0.60919374,1
1,0,1,0,22,1,0,95.9,2234.95,True,False,False,False,True,False,False,True,True,False,False,True,True,False,101.58863636363635,False,True,False,False,0,0.429968,1
0,0,0,0,40,1,1,20.6,827.3,False,True,False,True,False,False,False,False,False,False,False,False,False,False,20.682499999999997,False,False,True,False,0,0.114640966,0
1,0,0,0,23,1,1,74.95,1710.45,True,False,False,False,False,True,False,True,False,False,False,False,False,False,74.36739130434783,False,True,False,False,1,0.72466445,1
0,0,0,1,1,1,0,45.95,45.95,False,False,False,False,False,False,True,False,False,False,False,False,False,False,45.95,False,False,False,False,1,0.6380787,3
1,0,0,0,46,0,0,38.25,1755.35,False,False,False,True,False,False,True,False,True,False,True,True,False,False,38.15978260869565,False,False,True,False,0,0.15151402,0
0,0,1,1,5,1,0,69.95,320.4,True,False,False,False,True,False,False,False,False,False,False,False,False,False,64.08,False,False,False,False,0,0.6626715,1
1,1,0,0,68,1,1,20.0,1396.0,False,True,False,True,True,False,False,False,False,False,False,False,False,False,20.529411764705884,False,False,False,True,0,0.10606786,0
0,1,0,0,1,0,1,25.2,25.2,False,False,False,False,False,True,False,False,False,False,False,False,False,False,25.2,False,False,False,False,1,0.76966625,3
0,0,1,0,2,1,0,20.1,43.15,False,True,False,False,False,False,False,False,False,False,False,False,False,False,21.575,False,False,False,False,0,0.37017474,3
0,1,0,0,14,1,1,104.85,1531.4,True,False,False,False,False,True,False,True,False,True,True,False,True,True,109.38571428571429,False,True,False,False,1,0.7965413,1
1,0,0,0,10,1,1,70.0,740.0,True,False,False,False,False,True,False,False,False,False,False,False,False,False,74.0,True,False,False,False,1,0.6747071,1
1,0,0,1,13,1,1,78.3,1033.95,True,False,False,False,True,False,False,False,False,False,False,False,True,False,79.53461538461539,False,True,False,False,0,0.45486847,1
0,0,0,0,34,1,1,109.8,3587.25,True,False,False,False,False,False,True,True,True,True,True,False,True,True,105.50735294117646,False,False,True,False,1,0.52548355,2
1,0,1,1,18,1,0,57.45,990.85,False,False,False,False,False,True,False,False,False,False,True,False,False,True,55.047222222222224,False,True,False,False,1,0.33011833,1
1,0,1,1,71,1,0,19.7,1301.1,False,True,False,True,True,False,False,False,False,False,False,False,False,False,18.325352112676054,False,False,False,True,0,0.08695235,0
0,0,1,0,70,1,1,110.5,7752.05,True,False,False,True,False,True,False,True,False,True,True,True,True,True,110.74357142857143,False,False,False,True,0,0.5100806,2
0,0,1,0,52,1,1,64.3,3410.6,False,False,True,False,False,False,True,False,True,False,True,False,True,False,65.58846153846153,False,False,False,True,0,0.12136091,0
1,0,1,1,68,1,1,105.25,7173.15,True,False,False,True,False,False,False,False,True,True,True,False,True,True,105.4875,False,False,False,True,0,0.16332054,2
1,0,1,1,38,1,0,19.6,717.3,False,True,False,False,False,True,False,False,False,False,False,False,False,False,18.876315789473683,False,False,True,False,0,0.16160563,0
0,0,1,1,58,1,1,24.5,1497.9,False,True,True,False,True,False,False,True,False,False,False,False,False,False,25.82586206896552,False,False,False,True,0,0.10521503,0
1,0,0,0,3,1,0,90.7,237.65,True,False,False,False,False,False,True,False,False,False,False,False,True,True,79.21666666666667,False,False,False,False,0,0.6528806,1
1,0,1,0,14,1,0,48.8,664.4,False,False,False,False,False,False,False,False,False,False,False,True,False,False,47.457142857142856,False,True,False,False,0,0.23427385,3
1,0,0,0,2,0,1,24.9,49.7,False,False,False,False,True,False,False,False,False,False,False,False,False,False,24.85,False,False,False,False,0,0.5797123,3
0,0,1,0,1,0,1,24.8,24.8,False,False,False,False,False,True,False,False,False,False,False,False,False,False,24.8,False,False,False,False,1,0.7004918,3
0,1,0,0,72,1,1,107.4,7748.75,True,False,False,True,False,False,False,True,True,True,True,True,False,True,107.62152777777777,False,False,False,True,0,0.17506248,2
1,0,0,0,3,1,1,43.3,123.65,False,False,False,False,False,True,False,False,False,False,False,False,False,False,41.21666666666667,False,False,False,False,1,0.66430634,3
0,0,0,0,13,1,1,80.0,1029.35,True,False,False,False,True,False,False,True,True,False,False,False,False,False,79.18076923076923,False,True,False,False,0,0.609471,1
1,1,1,1,72,1,1,104.1,7447.7,True,False,False,True,True,False,False,False,True,False,True,True,True,True,103.44027777777778,False,False,False,True,0,0.114531554,2
1,0,1,0,58,1,0,20.75,1185.95,False,True,False,True,False,False,True,False,False,False,False,False,False,False,20.44741379310345,False,False,False,True,0,0.09258163,0
1,1,1,0,71,1,1,95.5,6707.15,True,False,False,True,True,False,False,False,False,True,True,True,False,True,94.4669014084507,False,False,False,True,0,0.14851314,2
0,0,0,0,1,1,0,76.35,76.35,True,False,False,False,False,True,False,False,False,False,True,False,False,False,76.35,False,False,False,False,1,0.83647084,1
0,0,1,1,54,1,0,91.3,4965.0,False,False,False,True,True,False,False,True,True,True,True,True,True,True,91.94444444444444,False,False,False,True,0,0.106511675,2
1,0,0,1,39,0,0,45.05,1790.6,False,False,True,False,False,False,False,False,True,False,False,True,True,False,45.91282051282051,False,False,True,False,0,0.1617134,0
0,0,0,0,1,1,1,70.6,70.6,True,False,False,False,False,True,False,False,False,False,False,False,False,False,70.6,False,False,False,False,1,0.8372319,1
1,0,1,0,61,1,1,80.8,4860.85,False,False,False,True,False,False,False,True,True,True,True,True,False,True,79.68606557377049,False,False,False,True,0,0.098843984,2
0,0,1,1,25,1,1,89.15,2257.75,True,False,False,False,False,False,False,False,False,True,True,False,True,False,90.31,False,False,True,False,1,0.38766977,1
0,0,0,0,37,1,0,91.2,3382.3,True,False,False,False,False,False,False,True,True,True,True,False,False,False,91.41351351351352,False,False,True,False,0,0.38948008,2
0,1,0,0,26,1,1,91.25,2351.8,True,False,False,False,False,True,False,False,False,False,False,False,True,True,90.45384615384616,False,False,True,False,1,0.65387356,1
1,0,0,0,10,1,0,19.75,208.25,False,True,False,False,True,False,False,False,False,False,False,False,False,False,20.825,True,False,False,False,0,0.2148963,3
0,0,0,0,1,1,0,20.4,20.4,False,True,False,False,False,False,True,False,False,False,False,False,False,False,20.4,False,False,False,False,1,0.613284,3
0,1,1,0,24,0,1,40.65,933.3,False,False,False,False,True,False,False,False,False,False,True,False,False,True,38.887499999999996,False,True,False,False,1,0.34969214,3
1,1,0,0,65,1,1,110.35,7246.15,True,False,False,True,False,True,False,True,True,False,True,True,True,True,111.47923076923077,False,False,False,True,0,0.51754254,2
1,0,0,0,23,1,1,64.9,1509.8,False,False,True,False,False,False,False,False,False,False,False,False,True,True,65.64347826086956,False,True,False,False,0,0.23943907,1
1,0,0,0,49,1,1,66.15,3199.0,False,False,False,True,False,False,False,True,False,False,False,True,True,False,65.28571428571429,False,False,False,True,0,0.112397805,0
0,1,0,0,42,1,0,55.65,2421.75,False,False,False,False,False,True,False,True,False,False,True,False,False,False,57.660714285714285,False,False,True,False,0,0.3057124,0
0,0,0,0,8,1,0,20.85,161.65,False,True,False,True,False,False,True,False,False,False,False,False,False,False,20.20625,True,False,False,False,0,0.16283906,3
0,0,0,0,28,1,0,54.65,1517.5,False,False,False,False,False,False,False,False,False,True,False,True,False,False,54.19642857142857,False,False,True,False,0,0.20164594,1
1,0,0,0,71,1,0,80.6,5708.2,False,False,False,True,False,False,False,True,True,True,True,True,False,True,80.39718309859154,False,False,False,True,0,0.10529173,2
1,0,1,1,69,1,1,99.45,7007.6,True,False,False,False,True,False,False,True,False,False,True,False,True,True,101.55942028985508,False,False,False,True,1,0.3147523,2
1,0,1,1,68,1,1,114.7,7849.85,True,False,False,True,False,False,False,True,True,True,True,True,True,True,115.43897058823529,False,False,False,True,0,0.21559535,2
0,0,1,0,64,1,1,105.4,6794.75,True,False,False,True,False,False,False,True,False,True,False,True,True,True,106.16796875,False,False,False,True,0,0.33273077,2
0,1,0,0,3,1,0,75.05,202.9,True,False,False,False,False,False,True,False,False,False,True,False,False,False,67.63333333333334,False,False,False,False,0,0.6867318,1
0,0,1,1,66,1,1,49.4,3251.85,False,False,True,False,True,False,False,False,False,False,False,True,False,False,49.27045454545454,False,False,False,True,0,0.10407475,0
1,0,0,0,28,1,0,18.25,534.7,False,True,True,False,True,False,False,False,False,False,False,False,False,False,19.09642857142857,False,False,True,False,0,0.13615754,3
1,0,1,0,67,1,1,111.05,7321.05,True,False,False,True,False,True,False,False,True,True,True,True,True,True,109.26940298507463,False,False,False,True,0,0.42109635,2
1,0,1,0,46,1,0,19.6,851.2,False,True,False,False,False,True,False,False,False,False,False,False,False,False,18.504347826086956,False,False,True,False,0,0.23574042,0
1,0,1,0,55,1,1,96.75,5238.9,True,False,False,False,False,True,False,True,True,True,False,False,True,False,95.25272727272727,False,False,False,True,1,0.6270798,2
1,0,0,0,22,1,1,69.7,1490.4,True,False,False,False,False,False,True,False,False,False,False,False,False,False,67.74545454545455,False,True,False,False,0,0.39626402,1
1,0,1,1,18,1,1,87.9,1500.5,True,False,False,False,False,False,True,False,True,False,True,False,True,False,83.36111111111111,False,True,False,False,0,0.36663038,1
1,0,1,0,46,0,0,40.4,1842.7,False,False,False,True,True,False,False,False,True,False,True,True,False,False,40.05869565217392,False,False,True,False,0,0.14822677,0
0,0,1,0,10,1,1,78.15,765.15,True,False,False,False,True,False,False,True,True,False,False,False,False,False,76.515,True,False,False,False,0,0.6377598,1
1,0,1,0,72,1,1,99.4,7285.7,True,False,False,True,False,True,False,True,False,True,False,False,True,True,101.19027777777778,False,False,False,True,0,0.31633705,2
1,0,0,0,16,1,0,55.3,875.35,False,False,False,False,False,True,False,True,False,True,False,False,False,False,54.709375,False,True,False,False,0,0.57886434,3
1,1,0,0,3,1,1,77.0,237.75,True,False,False,False,False,True,False,True,False,False,False,False,False,False,79.25,False,False,False,False,1,0.8059421,1
1,0,1,1,21,0,1,26.05,565.75,False,False,False,False,False,True,False,False,False,False,False,False,False,False,26.94047619047619,False,True,False,False,0,0.3682947,3
1,0,0,0,5,1,0,78.75,426.35,True,False,False,False,False,False,True,False,False,False,False,False,False,True,85.27000000000001,False,False,False,False,0,0.6296967,1
0,0,0,0,1,0,0,29.95,29.95,False,False,False,False,False,False,False,False,False,True,False,False,False,False,29.95,False,False,False,False,1,0.64622074,3
0,0,0,0,1,1,1,45.4,45.4,False,False,False,False,False,False,True,False,False,False,False,False,False,False,45.4,False,False,False,False,1,0.6823018,3
1,1,1,0,36,1,1,85.25,3132.75,True,False,False,False,True,False,False,True,False,False,False,False,False,True,87.02083333333333,False,False,True,False,1,0.46864632,1
1,0,1,0,64,1,1,104.05,6605.55,True,False,False,True,True,False,False,False,True,True,False,True,True,True,103.21171875,False,False,False,True,0,0.21002676,2
1,1,1,0,30,1,0,74.85,2181.75,False,False,False,True,False,True,False,True,False,False,True,False,True,True,72.725,False,False,True,False,0,0.28660834,1
0,0,1,1,72,1,0,19.55,1463.45,False,True,False,True,False,False,False,False,False,False,False,False,False,False,20.325694444444444,False,False,False,True,0,0.08600173,0
1,0,1,1,46,1,1,20.1,936.85,False,True,False,True,False,False,True,False,False,False,False,False,False,False,20.366304347826087,False,False,True,False,0,0.09271104,0
0,0,1,0,45,1,1,95.2,4285.8,True,False,False,True,True,False,False,False,False,False,False,True,True,True,95.24000000000001,False,False,True,False,0,0.25763875,2
0,0,0,0,2,1,0,20.65,38.7,False,True,False,False,False,False,True,False,False,False,False,False,False,False,19.35,False,False,False,False,1,0.3672754,3
0,0,0,0,34,1,0,55.0,1885.15,False,False,True,False,False,False,True,False,True,True,False,False,False,False,55.44558823529412,False,False,True,False,0,0.15547484,0
0,0,1,0,54,1,0,106.55,5763.3,True,False,True,False,False,False,False,True,True,True,False,False,True,True,106.72777777777777,False,False,False,True,1,0.426576,2
1,0,0,0,21,1,1,19.95,416.4,False,True,False,False,False,False,True,False,False,False,False,False,False,False,19.82857142857143,False,True,False,False,0,0.19705291,3
1,0,1,0,65,1,0,76.15,4929.55,False,False,False,True,False,False,False,True,True,False,True,True,False,True,75.83923076923077,False,False,False,True,0,0.09934693,2
0,0,1,0,20,1,1,69.8,1540.35,True,False,False,False,False,False,False,False,False,False,False,False,False,False,77.0175,False,True,False,False,0,0.44289118,1
1,0,0,0,1,1,1,79.5,79.5,True,False,False,False,False,True,False,False,False,False,False,False,True,False,79.5,False,False,False,False,1,0.83440906,1
1,0,1,1,42,1,1,69.4,3058.3,False,False,False,False,False,False,False,True,True,True,False,False,True,False,72.81666666666668,False,False,True,False,0,0.17157811,1
1,0,0,0,1,1,0,19.4,19.4,False,True,False,False,False,False,True,False,False,False,False,False,False,False,19.4,False,False,False,False,1,0.49563885,3
0,0,1,0,20,1,1,96.55,1901.65,True,False,False,False,False,True,False,False,True,True,False,True,True,False,95.08250000000001,False,True,False,False,0,0.64968836,1
1,0,0,0,11,1,0,70.2,760.05,True,False,False,False,False,True,False,False,False,False,False,False,False,False,69.09545454545454,True,False,False,False,0,0.66028506,1
0,0,1,0,61,1,0,25.3,1554.9,False,True,False,True,False,False,False,True,False,False,False,False,False,False,25.49016393442623,False,False,False,True,0,0.08739493,0
0,0,1,0,64,1,0,25.0,1584.8,False,True,False,True,True,False,False,True,False,False,False,False,False,False,24.7625,False,False,False,True,0,0.093298465,0
0,1,1,0,25,1,0,88.4,2191.15,True,False,False,False,False,False,False,False,False,True,True,False,False,True,87.646,False,False,True,False,0,0.47052646,1
0,0,0,0,44,1,1,50.15,2139.1,False,False,False,False,False,False,True,True,False,False,False,False,False,False,48.61590909090909,False,False,True,False,0,0.19664055,0
0,0,1,0,5,1,0,69.95,330.15,True,False,False,False,False,True,False,False,False,False,False,False,False,False,66.03,False,False,False,False,1,0.7038365,1
0,1,1,1,48,0,0,29.9,1388.75,False,False,True,False,False,False,False,False,False,True,False,False,False,False,28.932291666666668,False,False,True,False,0,0.180813,0
1,0,0,0,6,1,1,74.9,469.8,True,False,False,False,False,True,False,True,False,False,False,False,False,False,78.3,False,False,False,False,1,0.8064254,1
1,0,1,0,4,1,0,50.05,179.35,False,False,False,False,False,False,True,False,False,False,False,True,False,False,44.8375,False,False,False,False,1,0.4228771,3
1,0,1,1,72,1,0,19.95,1322.85,False,True,False,True,False,False,False,False,False,False,False,False,False,False,18.372916666666665,False,False,False,True,0,0.08276809,0
1,0,0,0,54,1,0,89.4,4869.5,True,False,False,False,True,False,False,True,False,False,True,False,False,True,90.17592592592592,False,False,False,True,0,0.38538015,2
0,0,1,1,66,1,1,67.45,4508.65,False,False,False,False,False,False,False,True,True,True,True,False,False,False,68.31287878787879,False,False,False,True,0,0.13281824,2
1,0,0,0,3,1,1,49.9,130.1,False,False,False,False,False,False,True,False,False,True,False,False,False,False,43.36666666666667,False,False,False,False,1,0.53774005,3
1,0,0,0,19,1,1,65.35,1231.85,False,False,True,False,False,False,False,False,False,True,False,True,False,True,64.83421052631579,False,True,False,False,0,0.31495658,1
1,0,1,1,61,1,1,81.0,4976.15,False,False,False,True,False,False,False,True,False,False,True,True,True,True,81.57622950819672,False,False,False,True,0,0.09669794,2
1,0,0,0,54,1,0,89.8,4667.0,True,False,False,False,False,False,True,False,True,False,True,False,True,False,86.42592592592592,False,False,False,True,0,0.2918375,2
0,0,0,0,1,1,0,49.95,49.95,False,False,False,False,False,True,False,False,False,True,False,False,False,False,49.95,False,False,False,False,0,0.72463244,3
1,1,0,0,19,1,1,79.85,1471.75,True,False,False,False,False,True,False,True,False,False,True,False,False,False,77.46052631578948,False,True,False,False,1,0.71753675,1
1,0,1,0,24,1,0,19.75,483.15,False,True,False,True,False,False,True,False,False,False,False,False,False,False,20.131249999999998,False,True,False,False,0,0.10405136,3
0,1,0,1,33,1,1,105.35,3465.05,True,False,False,False,False,False,False,True,False,True,True,False,True,True,105.00151515151515,False,False,True,False,0,0.49836338,2
0,0,1,0,31,1,1,83.85,2674.15,True,False,False,False,False,False,False,False,False,True,False,False,False,True,86.26290322580645,False,False,True,False,0,0.4747947,1
1,0,1,0,59,0,1,44.3,2666.75,False,False,False,False,False,True,False,False,False,False,False,False,True,True,45.19915254237288,False,False,False,True,0,0.36462963,0
0,1,1,0,20,1,1,91.0,1859.5,True,False,True,False,False,False,False,False,False,False,False,False,True,True,92.975,False,True,False,False,0,0.45292726,1
1,1,1,0,60,1,1,99.0,6017.9,True,False,False,False,False,True,False,True,False,False,False,True,True,True,100.29833333333333,False,False,False,True,0,0.54957414,2
1,0,0,1,18,1,1,80.55,1406.65,True,False,False,False,True,False,False,True,False,False,True,False,False,False,78.14722222222223,False,True,False,False,0,0.38548937,1
0,0,0,1,19,1,1,60.6,1297.8,False,False,False,False,False,True,False,False,True,True,True,False,False,False,68.30526315789473,False,True,False,False,0,0.33320194,1
0,0,1,1,24,1,0,19.7,452.55,False,True,False,True,False,False,True,False,False,False,False,False,False,False,18.85625,False,True,False,False,0,0.09432094,3
0,0,1,1,9,1,0,20.25,172.35,False,True,True,False,False,False,True,False,False,False,False,False,False,False,19.15,True,False,False,False,0,0.14896066,3
0,0,1,1,33,1,0,24.25,838.5,False,True,False,False,False,False,False,True,False,False,False,False,False,False,25.40909090909091,False,False,True,False,0,0.14996266,3
0,0,0,0,2,1,0,19.4,61.05,False,True,False,False,False,False,True,False,False,False,False,False,False,False,30.525,False,False,False,False,0,0.39331168,3
1,0,1,0,67,1,1,93.15,6368.2,True,False,False,True,False,True,False,True,False,True,True,False,False,True,95.04776119402985,False,False,False,True,0,0.41112816,2
0,0,0,0,52,1,1,49.75,2535.55,False,False,False,False,False,False,False,False,True,False,False,False,False,False,48.760576923076925,False,False,False,True,0,0.17104205,0
0,0,0,0,5,1,1,19.65,92.05,False,True,False,False,True,False,False,False,False,False,False,False,False,False,18.41,False,False,False,False,0,0.27021724,3
0,0,1,1,1,1,1,19.4,19.4,False,True,False,False,False,False,True,False,False,False,False,False,False,False,19.4,False,False,False,False,0,0.44796658,3
1,0,0,0,67,1,1,19.8,1311.3,False,True,False,True,False,False,True,False,False,False,False,False,False,False,19.571641791044776,False,False,False,True,0,0.09897191,0
0,0,0,0,63,1,0,99.9,6137.0,True,False,True,False,False,False,False,True,False,True,False,False,True,True,97.41269841269842,False,False,False,True,1,0.41493708,2
1,1,0,0,2,1,0,49.95,107.1,False,False,False,False,False,False,True,False,False,False,True,False,False,False,53.55,False,False,False,False,0,0.60080594,3
1,1,1,0,25,1,1,89.05,2177.45,True,False,True,False,False,True,False,True,True,False,False,False,False,True,87.098,False,False,True,False,1,0.67398334,1
1,0,0,0,19,1,1,19.95,373.5,False,True,False,True,False,False,True,False,False,False,False,False,False,False,19.657894736842106,False,True,False,False,0,0.12774059,3
1,0,0,1,62,1,0,56.15,3487.95,False,False,True,False,False,False,False,False,True,True,False,False,False,False,56.25725806451613,False,False,False,True,0,0.120025516,0
1,1,0,0,23,0,1,34.65,768.45,False,False,False,False,False,False,False,False,False,False,False,False,False,True,33.410869565217396,False,True,False,False,0,0.38584715,3
1,0,1,0,70,1,0,64.95,4523.25,False,False,False,True,True,False,False,False,True,True,True,True,False,False,64.61785714285715,False,False,False,True,0,0.092235915,2
1,0,0,0,29,1,1,94.2,2607.6,True,False,False,False,False,True,False,False,False,False,False,True,True,True,89.91724137931034,False,False,True,False,0,0.63417554,1
1,0,1,0,32,1,1,78.9,2447.95,True,False,False,False,False,True,False,True,False,False,True,False,False,False,76.4984375,False,False,True,False,1,0.6246786,1
0,0,0,0,31,1,0,65.25,1994.3,False,False,False,False,True,False,False,True,True,False,True,True,False,False,64.33225806451613,False,False,True,False,1,0.2158855,1
0,0,0,0,59,1,0,95.8,5655.45,True,False,False,True,False,True,False,False,False,False,True,False,True,True,95.85508474576271,False,False,False,True,0,0.5090109,2
1,0,0,0,32,1,1,64.85,2010.95,False,False,True,False,False,False,False,False,False,False,False,False,True,True,62.8421875,False,False,True,False,0,0.21233688,1
1,0,1,0,17,0,1,49.8,836.35,False,False,False,False,False,False,True,False,False,True,False,False,True,True,49.19705882352941,False,True,False,False,0,0.41395494,3
1,0,0,0,26,1,0,20.9,518.3,False,True,False,False,False,False,True,False,False,False,False,False,False,False,19.934615384615384,False,False,True,False,0,0.17467792,3
1,0,0,0,12,1,0,94.55,1173.55,True,False,False,False,False,True,False,True,False,False,False,False,True,True,97.79583333333333,True,False,False,False,0,0.8216237,1
1,0,1,1,61,1,1,98.45,6145.2,True,False,True,False,False,False,False,False,False,True,False,True,True,True,100.74098360655738,False,False,False,True,0,0.23514257,2
0,0,1,0,71,1,0,19.6,1416.5,False,True,False,True,False,False,True,False,False,False,False,False,False,False,19.950704225352112,False,False,False,True,0,0.08943097,0
0,0,0,0,9,1,1,20.45,147.55,False,True,False,False,True,False,False,False,False,False,False,False,False,False,16.394444444444446,True,False,False,False,0,0.2372666,3
1,1,1,0,24,1,1,104.25,2433.9,True,False,False,False,False,True,False,True,False,True,True,False,True,True,101.41250000000001,False,True,False,False,1,0.7538339,1
0,1,0,0,7,1,1,89.15,574.35,True,False,False,False,False,True,False,False,False,False,False,False,True,True,82.05,True,False,False,False,0,0.78142715,1
1,0,0,1,41,1,1,111.15,4507.15,True,False,False,True,False,True,False,False,True,True,True,True,True,True,109.93048780487804,False,False,True,False,0,0.2923643,2
1,0,1,1,20,1,1,90.2,1776.55,True,False,False,False,False,True,False,False,False,False,False,False,True,True,88.8275,False,True,False,False,1,0.53663844,1
1,0,1,0,33,1,0,91.25,2964.05,True,False,False,False,False,True,False,False,False,False,False,False,True,True,89.81969696969698,False,False,True,False,0,0.5918837,1
1,0,0,0,56,1,1,81.8,4534.45,False,False,False,True,True,False,False,False,False,True,True,True,True,True,80.97232142857142,False,False,False,True,0,0.13199672,2
1,0,1,1,1,1,1,74.5,74.5,True,False,False,False,False,True,False,True,False,False,False,False,False,False,74.5,False,False,False,False,1,0.78018713,1
1,0,0,0,4,1,1,76.05,318.9,True,False,False,False,False,True,False,True,False,False,False,False,False,False,79.725,False,False,False,False,1,0.808162,1
0,0,0,0,54,1,0,111.1,6014.85,True,False,False,False,False,True,False,True,False,True,True,True,True,True,111.38611111111112,False,False,False,True,1,0.6535055,2
0,0,1,1,8,1,1,68.55,564.35,False,False,False,False,False,True,False,False,False,False,False,True,True,True,70.54375,True,False,False,False,0,0.34740293,1
1,0,1,0,58,0,1,45.0,2689.35,False,False,True,False,True,False,False,False,False,False,False,False,True,True,46.36810344827586,False,False,False,True,0,0.21758665,0
1,0,1,0,34,1,0,100.85,3527.3,True,False,False,False,False,True,False,True,False,False,True,False,True,True,103.74411764705883,False,False,True,False,0,0.72617173,2
0,1,0,0,2,0,1,30.4,78.65,False,False,False,False,False,True,False,False,False,False,True,False,False,False,39.325,False,False,False,False,1,0.7465935,3
1,0,0,1,25,1,1,95.9,2448.75,True,False,False,False,False,True,False,False,False,True,False,False,True,True,97.95,False,False,True,False,1,0.5585474,1
0,0,1,0,68,1,1,89.95,5974.3,True,False,False,True,False,False,False,True,False,False,True,False,True,False,87.85735294117647,False,False,False,True,0,0.19546314,2
0,0,1,0,71,1,1,105.15,7555.0,True,False,False,True,False,False,False,True,False,True,True,False,True,True,106.40845070422536,False,False,False,True,0,0.25435862,2
0,0,0,1,1,1,0,59.2,59.2,False,False,False,False,False,True,False,False,False,False,True,False,False,True,59.2,False,False,False,False,1,0.6556688,1
1,0,0,0,13,1,0,98.15,1230.25,True,False,False,False,False,False,True,True,True,False,False,False,True,True,94.63461538461539,False,True,False,False,1,0.6716909,1
1,0,1,1,5,1,1,84.5,453.75,True,False,False,False,False,True,False,True,True,False,True,False,False,False,90.75,False,False,False,False,1,0.7320025,1
0,0,0,0,22,1,0,20.85,450.65,False,True,True,False,False,False,False,False,False,False,False,False,False,False,20.48409090909091,False,True,False,False,0,0.16127943,3
0,0,1,1,10,1,0,26.1,225.55,False,True,False,True,True,False,False,True,False,False,False,False,False,False,22.555,True,False,False,False,0,0.11514362,3
1,1,1,0,55,1,1,74.0,4052.4,True,False,False,False,False,True,False,True,False,False,False,False,False,False,73.68,False,False,False,True,0,0.5098725,2
0,0,1,1,27,1,1,20.55,583.3,False,True,True,False,False,False,True,False,False,False,False,False,False,False,21.6037037037037,False,False,True,False,0,0.112014055,3
0,0,0,0,10,1,0,18.85,163.2,False,True,False,False,False,False,True,False,False,False,False,False,False,False,16.32,True,False,False,False,0,0.21461673,3
1,0,0,0,23,1,0,20.85,473.9,False,True,False,False,False,True,False,False,False,False,False,False,False,False,20.604347826086954,False,True,False,False,0,0.36663267,3
1,0,1,1,70,1,1,84.1,5979.7,False,False,False,True,False,True,False,True,False,True,True,True,True,True,85.42428571428572,False,False,False,True,0,0.15250719,2
0,0,0,1,5,1,0,46.0,221.7,False,False,False,False,False,False,True,False,False,False,False,False,False,False,44.339999999999996,False,False,False,False,1,0.44178256,3
0,0,0,0,24,1,1,19.55,470.2,False,True,False,True,False,False,False,False,False,False,False,False,False,False,19.591666666666665,False,True,False,False,0,0.1276315,3
0,0,0,0,8,1,1,20.2,140.95,False,True,True,False,False,False,False,False,False,False,False,False,False,False,17.61875,True,False,False,False,0,0.18045731,3
1,0,1,0,19,1,1,88.8,1672.35,True,False,False,False,True,False,False,True,True,True,False,True,False,False,88.01842105263158,False,True,False,False,0,0.40698382,1
1,1,1,0,43,1,1,100.55,4304.0,True,False,True,False,False,False,False,False,False,True,True,False,True,True,100.09302325581395,False,False,True,False,0,0.35364547,2
1,1,0,0,67,1,1,101.4,6841.05,True,False,False,False,True,False,False,True,False,False,True,False,True,True,102.10522388059702,False,False,False,True,0,0.42536268,2
1,0,0,0,4,1,1,55.3,238.5,False,False,False,False,False,False,True,False,False,False,False,False,False,True,59.625,False,False,False,False,0,0.4464957,1
1,0,1,0,59,1,0,113.75,6561.25,True,False,False,True,False,True,False,True,True,True,True,True,True,True,111.20762711864407,False,False,False,True,0,0.53596514,2
1,0,1,0,72,1,0,25.4,1710.9,False,True,False,True,False,False,True,True,False,False,False,False,False,False,23.762500000000003,False,False,False,True,0,0.08463893,0
1,0,0,1,19,1,1,20.0,377.55,False,True,False,False,False,True,False,False,False,False,False,False,False,False,19.871052631578948,False,True,False,False,0,0.280187,3
0,0,0,0,1,1,0,73.5,73.5,True,False,False,False,False,False,False,False,False,False,True,False,False,False,73.5,False,False,False,False,1,0.783388,1
0,0,1,1,30,0,0,51.2,1561.5,False,False,False,False,True,False,False,False,False,False,False,True,True,True,52.05,False,False,True,False,1,0.22352497,0
0,0,1,0,2,1,1,74.4,139.4,True,False,False,False,False,True,False,False,True,False,False,False,False,False,69.7,False,False,False,False,1,0.7183194,1
1,0,1,1,60,1,1,65.85,3928.3,False,False,True,False,False,False,False,False,True,True,True,True,False,False,65.47166666666666,False,False,False,True,0,0.107754014,2
1,0,0,0,44,1,1,111.5,4915.15,True,False,False,False,False,True,False,True,True,True,True,False,True,True,111.70795454545454,False,False,True,False,0,0.64794105,2
0,0,0,0,1,1,1,48.6,48.6,False,False,False,False,False,True,False,False,False,True,False,False,False,False,48.6,False,False,False,False,0,0.72714806,3
1,0,1,0,3,0,1,29.9,92.25,False,False,False,False,False,True,False,False,False,False,False,True,False,False,30.75,False,False,False,False,0,0.64893407,3
1,1,1,0,71,1,0,24.85,1901.0,False,True,False,True,False,False,False,True,False,False,False,False,False,False,26.774647887323944,False,False,False,True,0,0.08718204,0
0,0,0,0,2,1,0,49.2,103.7,False,False,False,False,False,False,True,False,False,True,False,False,False,False,51.85,False,False,False,False,0,0.61233574,3
0,0,0,0,1,0,0,25.85,25.85,False,False,True,False,False,False,True,False,False,False,False,False,False,False,25.85,False,False,False,False,0,0.58778495,3
0,0,1,1,72,1,1,115.5,8425.15,True,False,False,True,False,True,False,True,True,True,True,True,True,True,117.01597222222222,False,False,False,True,0,0.16541298,2
0,0,0,0,6,1,1,85.95,514.6,True,False,False,False,False,False,True,False,False,True,False,False,False,True,85.76666666666667,False,False,False,False,0,0.6923989,1
0,0,0,0,1,1,1,85.55,85.55,True,False,False,False,True,False,False,False,False,False,True,False,True,False,85.55,False,False,False,False,1,0.77599627,1
1,1,0,0,20,1,0,89.95,1648.45,True,False,False,False,False,True,False,False,False,False,False,False,True,True,82.4225,False,True,False,False,0,0.6634297,1
1,0,0,0,1,1,1,88.35,88.35,True,False,False,False,False,True,False,False,False,False,False,False,True,True,88.35,False,False,False,False,1,0.83148676,1
1,0,0,0,12,1,0,20.05,265.45,False,True,False,False,True,False,False,False,False,False,False,False,False,False,22.120833333333334,True,False,False,False,0,0.20998529,3
1,0,0,0,9,0,1,24.95,190.25,False,False,False,False,False,True,False,False,False,False,False,False,False,False,21.13888888888889,True,False,False,False,0,0.6205514,3
0,0,0,0,12,1,0,20.1,223.6,False,True,False,False,False,False,True,False,False,False,False,False,False,False,18.633333333333333,True,False,False,False,0,0.208983,3
0,0,0,0,1,1,1,49.9,49.9,False,False,False,False,False,True,False,False,False,False,False,True,False,False,49.9,False,False,False,False,0,0.7234293,3
1,0,0,0,17,1,1,19.65,351.55,False,True,True,False,False,False,False,False,False,False,False,False,False,False,20.679411764705883,False,True,False,False,0,0.15038072,3
0,0,0,0,12,1,1,79.55,958.25,True,False,False,False,True,False,False,True,False,False,False,True,False,False,79.85416666666667,True,False,False,False,0,0.6179987,1
1,0,0,0,12,1,1,106.7,1253.9,True,False,False,False,False,True,False,True,False,True,True,False,True,True,104.49166666666667,True,False,False,False,1,0.791508,1
0,0,0,0,15,1,1,55.7,899.8,False,False,False,False,False,False,True,True,True,False,False,False,False,False,59.986666666666665,False,True,False,False,1,0.31919503,1
1,0,1,0,71,1,1,99.0,6994.6,True,False,False,True,False,True,False,True,True,True,True,False,True,False,98.51549295774649,False,False,False,True,0,0.33287433,2
0,0,1,0,30,1,1,85.0,2624.25,True,False,False,False,False,True,False,True,False,False,False,False,False,True,87.475,False,False,True,False,1,0.67667985,1
1,0,0,1,33,1,1,20.15,682.15,False,True,True,False,False,False,True,False,False,False,False,False,False,False,20.671212121212122,False,False,True,False,0,0.11671116,3
0,0,0,0,1,1,0,19.9,19.9,False,True,False,False,False,False,True,False,False,False,False,False,False,False,19.9,False,False,False,False,0,0.6340053,3
0,0,1,1,62,1,1,70.45,4300.45,False,False,False,False,True,False,False,True,False,False,False,False,True,True,69.36209677419355,False,False,False,True,0,0.16003697,2
0,0,1,1,72,1,1,116.8,8456.75,True,False,False,True,True,False,False,True,True,True,True,True,True,True,117.45486111111111,False,False,False,True,0,0.11022731,2
0,0,1,1,30,1,0,66.3,1923.5,False,False,False,False,False,False,False,False,True,False,False,True,False,True,64.11666666666666,False,False,True,False,0,0.1685796,1
0,0,0,1,3,1,1,20.55,57.4,False,True,True,False,True,False,False,False,False,False,False,False,False,False,19.133333333333333,False,False,False,False,0,0.21587943,3
0,0,1,1,28,1,1,90.45,2509.25,True,False,True,False,False,True,False,True,False,False,False,True,False,True,89.61607142857143,False,False,True,False,0,0.5198549,1
1,0,0,0,30,1,1,94.3,2679.7,True,False,False,False,True,False,False,True,True,True,False,False,False,True,89.32333333333332,False,False,True,False,0,0.5173549,1
0,0,1,1,12,1,0,19.0,233.55,False,True,False,False,False,False,True,False,False,False,False,False,False,False,19.462500000000002,True,False,False,False,1,0.1673493,3
1,0,0,0,51,1,1,24.6,1266.4,False,True,True,False,False,False,False,True,False,False,False,False,False,False,24.83137254901961,False,False,False,True,0,0.12150796,0
0,0,0,0,15,0,0,45.9,693.45,False,False,True,False,False,False,True,False,True,True,True,True,False,False,46.230000000000004,False,True,False,False,0,0.35877866,3
1,0,1,1,72,1,1,25.1,1790.8,False,True,False,True,True,False,False,True,False,False,False,False,False,False,24.87222222222222,False,False,False,True,0,0.084197424,0
1,0,0,0,32,1,1,108.15,3432.9,True,False,False,False,True,False,False,True,True,True,False,True,True,True,107.278125,False,False,True,False,1,0.51734173,2
0,1,0,0,6,1,1,74.1,450.9,True,False,False,False,False,True,False,False,True,False,False,False,False,False,75.14999999999999,False,False,False,False,0,0.7338903,1
1,0,1,0,63,1,0,70.8,4448.8,False,False,True,False,True,False,False,False,True,True,False,True,True,False,70.61587301587302,False,False,False,True,0,0.12295917,2
0,1,0,0,11,1,1,95.15,997.65,True,False,False,False,False,False,False,True,False,False,False,False,True,True,90.69545454545454,True,False,False,False,1,0.7537467,1
1,0,0,0,19,1,1,61.55,1093.2,False,False,False,False,True,False,False,False,False,False,False,True,True,False,57.53684210526316,False,True,False,False,0,0.2762168,1
1,0,1,1,64,1,1,73.05,4688.65,False,False,True,False,True,False,False,False,True,False,True,False,True,True,73.26015625,False,False,False,True,0,0.16113971,2
0,0,1,1,7,1,0,69.45,477.05,False,False,True,False,False,True,False,False,True,True,True,False,True,False,68.15,True,False,False,False,0,0.34531394,1
0,1,0,0,4,1,0,20.05,91.45,False,True,False,False,False,False,True,False,False,False,False,False,False,False,22.8625,False,False,False,False,0,0.37101606,3
1,0,0,0,7,1,1,19.95,147.5,False,True,False,False,False,False,True,False,False,False,False,False,False,False,21.071428571428573,True,False,False,False,0,0.26035827,3
1,0,0,0,4,1,1,90.4,356.65,True,False,False,False,False,True,False,False,False,False,True,True,False,True,89.1625,False,False,False,False,0,0.7291562,1
0,0,0,0,3,1,1,74.55,233.65,True,False,False,False,False,True,False,False,True,False,False,False,False,False,77.88333333333334,False,False,False,False,0,0.753131,1
0,1,0,0,65,0,1,53.5,3517.9,False,False,False,True,False,False,False,False,False,True,True,False,True,True,54.121538461538464,False,False,False,True,0,0.13894197,0
1,0,1,1,42,1,0,63.7,2763.35,False,False,True,False,True,False,False,False,True,False,False,True,False,True,65.79404761904762,False,False,True,False,0,0.16100614,1
1,0,0,0,26,1,0,75.0,1908.35,False,False,True,False,False,False,False,False,True,False,False,True,True,True,73.39807692307691,False,False,True,False,0,0.21689692,1
0,0,0,0,48,1,0,25.05,1171.5,False,True,True,False,True,False,False,True,False,False,False,False,False,False,24.40625,False,False,True,False,0,0.156837,0
1,0,1,1,69,1,1,99.35,6856.45,True,False,False,True,False,True,False,True,False,False,False,True,True,True,99.36884057971014,False,False,False,True,0,0.2953595,2
1,0,1,1,17,0,0,44.45,792.15,False,False,True,False,True,False,False,False,True,False,True,False,True,False,46.59705882352941,False,True,False,False,0,0.2287184,3
0,0,1,1,1,1,1,21.0,21.0,False,True,False,False,False,True,False,False,False,False,False,False,False,False,21.0,False,False,False,False,1,0.47462782,3
0,0,0,0,4,1,1,76.65,333.6,True,False,False,False,False,False,False,False,False,True,False,False,False,False,83.4,False,False,False,False,1,0.6676807,1
0,1,0,0,34,1,1,96.35,3190.25,True,False,False,False,False,True,False,True,False,True,False,True,True,False,93.83088235294117,False,False,True,False,0,0.6959851,1
0,0,0,0,2,1,0,70.35,139.25,True,False,False,False,False,True,False,False,False,False,False,False,False,False,69.625,False,False,False,False,0,0.7556098,1
0,0,1,1,1,1,0,50.45,50.45,False,False,False,False,False,False,True,False,False,False,True,False,False,False,50.45,False,False,False,False,1,0.62026656,3
0,0,0,0,12,1,0,20.3,246.7,False,True,False,False,False,False,True,False,False,False,False,False,False,False,20.558333333333334,True,False,False,False,0,0.22474262,3
1,0,0,0,38,1,1,69.5,2625.25,True,False,False,False,True,False,False,False,False,False,False,False,False,False,69.08552631578948,False,False,True,False,0,0.4079686,1
0,0,1,1,31,1,0,80.55,2471.6,False,False,False,True,False,False,False,True,False,True,False,True,True,True,79.7290322580645,False,False,True,False,0,0.10988495,1
0,0,1,1,67,1,1,108.75,7156.2,True,False,False,True,True,False,False,True,True,False,True,True,True,True,106.80895522388059,False,False,False,True,1,0.24327606,2
1,0,1,1,22,1,1,88.75,1885.15,True,False,False,False,False,True,False,True,False,False,True,False,True,False,85.68863636363636,False,True,False,False,0,0.6027023,1
0,0,1,0,63,1,1,81.2,4965.1,True,False,True,False,True,False,False,True,False,False,False,True,False,False,78.81111111111112,False,False,False,True,0,0.16282526,2
0,0,0,0,70,1,0,79.6,5589.45,False,False,False,True,False,False,False,False,True,False,True,True,True,True,79.84928571428571,False,False,False,True,0,0.10845209,2
1,0,0,0,1,1,0,20.45,20.45,False,True,False,False,False,False,True,False,False,False,False,False,False,False,20.45,False,False,False,False,0,0.6000458,3
0,0,1,1,49,1,0,100.45,4941.8,True,False,True,False,False,False,True,True,False,True,False,False,True,True,100.8530612244898,False,False,False,True,1,0.4155389,2
0,1,1,0,71,1,0,89.45,6435.25,True,False,False,True,True,False,False,False,False,True,True,False,False,True,90.63732394366197,False,False,False,True,0,0.15316194,2
0,0,1,1,23,1,1,66.25,1533.8,False,False,True,False,False,False,True,False,True,True,True,True,False,False,66.68695652173913,False,True,False,False,0,0.16070467,1
1,0,1,1,72,1,1,90.8,6397.6,False,False,False,True,True,False,False,True,True,True,True,True,True,True,88.85555555555555,False,False,False,True,0,0.08796241,2
0,0,1,1,72,1,1,71.45,5025.85,False,False,False,True,False,False,False,True,True,False,True,False,True,False,69.80347222222223,False,False,False,True,0,0.09029699,2
0,0,0,0,2,1,0,69.75,144.55,True,False,False,False,False,False,False,False,False,False,False,False,False,False,72.275,False,False,False,False,1,0.6843379,1
0,0,0,0,42,1,0,59.65,2536.55,False,False,False,False,False,False,False,False,True,True,True,False,False,False,60.394047619047626,False,False,True,False,0,0.200072,0
0,0,1,1,47,1,0,19.75,948.9,False,True,False,True,False,False,True,False,False,False,False,False,False,False,20.18936170212766,False,False,True,False,0,0.096655175,0
1,0,0,1,29,1,0,19.85,535.05,False,True,True,False,False,False,True,False,False,False,False,False,False,False,18.45,False,False,True,False,0,0.116012506,3
0,0,1,1,72,0,1,63.8,4684.3,False,False,False,True,False,False,False,False,True,True,True,True,True,True,65.05972222222222,False,False,False,True,0,0.09557873,2
1,0,0,0,1,1,1,69.55,69.55,True,False,False,False,False,True,False,False,False,False,False,False,False,False,69.55,False,False,False,False,1,0.829141,1
1,0,0,0,40,1,1,51.1,2092.9,False,False,False,False,False,True,False,False,False,False,False,True,False,False,52.322500000000005,False,False,True,False,0,0.25130713,0
1,0,0,0,1,1,0,62.05,62.05,False,False,False,False,False,False,True,True,False,False,True,True,False,False,62.05,False,False,False,False,1,0.5776148,1
0,1,0,0,1,1,1,85.0,85.0,True,False,False,False,False,True,False,False,False,False,True,False,False,True,85.0,False,False,False,False,1,0.83749485,1
1,0,1,1,70,1,0,98.3,6859.5,True,False,False,True,False,False,False,True,False,True,False,False,True,True,97.99285714285715,False,False,False,True,1,0.18146487,2
1,0,0,0,49,1,1,19.9,1022.6,False,True,False,True,True,False,False,False,False,False,False,False,False,False,20.869387755102043,False,False,False,True,0,0.12475384,0
1,0,0,0,17,1,1,76.65,1313.55,True,False,False,False,False,True,False,False,False,False,True,False,False,False,77.26764705882353,False,True,False,False,1,0.61480784,1
1,0,0,0,33,1,1,66.4,2245.4,False,False,False,False,True,False,False,False,False,True,True,False,True,False,68.04242424242425,False,False,True,False,0,0.21323282,1
1,1,1,0,17,1,1,100.45,1622.45,True,False,False,False,True,False,False,True,False,False,True,False,True,True,95.43823529411765,False,True,False,False,1,0.5586905,1
1,0,1,1,21,1,1,75.9,1549.75,False,False,True,False,False,False,False,True,True,False,False,False,True,True,73.79761904761905,False,True,False,False,0,0.23422188,1
0,0,0,0,35,1,1,85.95,3110.1,False,False,True,False,True,False,False,True,True,False,True,True,True,True,88.86,False,False,True,False,1,0.2465989,1
0,0,0,0,12,0,0,60.65,743.3,False,False,True,False,False,True,False,False,False,True,True,True,True,True,61.94166666666666,True,False,False,False,0,0.6098461,1
0,0,1,0,9,1,0,50.85,466.6,False,False,False,False,False,False,True,False,False,True,False,False,False,False,51.84444444444445,True,False,False,False,0,0.29297832,3
0,0,1,1,72,1,0,24.45,1709.1,False,True,False,True,False,False,False,True,False,False,False,False,False,False,23.737499999999997,False,False,False,True,0,0.081166305,0
1,1,1,0,18,1,1,59.1,1011.05,False,False,False,False,True,False,False,False,True,False,False,False,False,True,56.169444444444444,False,True,False,False,0,0.25910944,1
0,0,1,0,58,1,1,109.1,6393.65,True,False,False,True,True,False,False,True,True,True,False,True,True,True,110.2353448275862,False,False,False,True,0,0.3132904,2
0,1,0,1,30,1,1,101.3,2974.5,True,False,False,False,False,True,False,True,False,False,False,True,True,True,99.15,False,False,True,False,0,0.6176837,1
1,0,1,1,56,1,0,115.85,6567.9,True,False,False,True,False,False,True,True,True,True,True,True,True,True,117.28392857142856,False,False,False,True,0,0.21438836,2
1,0,0,0,10,1,1,94.9,1048.85,True,False,False,False,False,True,False,False,False,False,True,False,True,True,104.88499999999999,True,False,False,False,1,0.7266576,1
0,0,1,0,2,0,1,35.1,68.75,False,False,False,False,False,True,False,False,False,False,False,False,False,True,34.375,False,False,False,False,1,0.66827196,3
0,0,1,1,18,1,1,24.65,471.35,False,True,False,True,True,False,False,True,False,False,False,False,False,False,26.186111111111114,False,True,False,False,0,0.10683855,3
0,0,1,1,51,0,1,56.15,2898.95,False,False,True,False,False,True,False,False,False,False,True,True,True,True,56.84215686274509,False,False,False,True,0,0.24370602,0
1,0,1,0,60,1,1,109.45,6572.85,True,False,False,False,False,False,False,True,True,False,True,True,True,True,109.5475,False,False,False,True,0,0.37597388,2
0,0,1,1,24,1,0,55.15,1319.85,False,False,False,False,False,True,False,False,True,False,False,True,False,False,54.99375,False,True,False,False,0,0.24846059,1
1,0,1,0,70,1,0,115.65,7968.85,True,False,True,False,True,False,False,True,True,True,True,True,True,True,113.84071428571428,False,False,False,True,1,0.35631305,2
1,0,0,0,12,1,1,53.75,648.65,False,False,False,False,False,False,True,False,False,True,False,True,False,False,54.05416666666667,True,False,False,False,0,0.27254087,3
1,0,1,1,25,1,1,61.6,1611.0,False,False,True,False,False,False,False,False,True,True,True,False,False,False,64.44,False,False,True,False,0,0.14215997,1
1,0,0,0,36,1,1,20.35,695.85,False,True,True,False,True,False,False,False,False,False,False,False,False,False,19.329166666666666,False,False,True,False,0,0.13639556,3
1,0,1,1,11,1,0,90.6,1020.2,True,False,False,False,False,True,False,False,False,False,False,False,True,True,92.74545454545455,True,False,False,False,0,0.55440676,1
1,0,1,1,7,1,1,89.75,608.8,True,False,False,False,False,True,False,False,False,True,False,True,True,False,86.97142857142856,True,False,False,False,1,0.6073878,1
0,1,1,0,26,1,1,98.1,2510.7,True,False,False,False,False,False,False,True,False,False,True,False,True,True,96.5653846153846,False,False,True,False,0,0.5799882,1
1,0,0,0,41,1,1,74.25,3089.1,True,False,False,False,False,True,False,False,False,False,False,True,False,False,75.34390243902439,False,False,True,False,0,0.5479647,1
0,1,0,0,57,0,1,55.0,3094.05,False,False,False,False,False,True,False,False,False,True,True,False,True,True,54.28157894736842,False,False,False,True,0,0.39819703,0
0,0,1,1,28,1,1,90.1,2598.95,True,False,True,False,False,False,False,False,False,False,False,False,True,True,92.81964285714285,False,False,True,False,1,0.39901564,1
0,0,0,0,10,1,0,64.9,685.55,False,False,True,False,False,False,True,False,False,True,False,True,False,True,68.55499999999999,True,False,False,False,0,0.37623602,1
0,0,0,0,41,1,1,56.3,2364.0,False,False,True,False,True,False,False,True,False,True,False,False,False,False,57.65853658536585,False,False,True,False,0,0.18100744,0
0,0,0,0,22,1,1,89.05,1886.25,True,False,False,False,False,True,False,False,True,False,False,True,False,True,85.73863636363636,False,True,False,False,0,0.6457959,1
0,0,0,0,57,1,1,112.95,6465.0,True,False,False,True,False,False,False,True,True,True,True,False,True,True,113.42105263157895,False,False,False,True,1,0.31788826,2
1,0,0,0,13,1,0,19.45,270.2,False,True,True,False,False,False,True,False,False,False,False,False,False,False,20.784615384615385,False,True,False,False,0,0.16291365,3
0,0,1,1,61,1,1,100.7,6018.65,True,False,True,False,True,False,False,True,True,True,True,False,False,True,98.66639344262295,False,False,False,True,0,0.22859786,2
0,0,1,1,1,1,0,20.05,20.05,False,True,False,False,False,False,True,False,False,False,False,False,False,False,20.05,False,False,False,False,0,0.5660211,3
0,0,1,1,18,1,0,19.35,309.25,False,True,False,True,False,False,True,False,False,False,False,False,False,False,17.180555555555557,False,True,False,False,0,0.09935467,3
1,0,0,0,6,1,1,87.95,522.35,True,False,False,False,False,False,False,True,False,False,False,True,False,True,87.05833333333334,False,False,False,False,0,0.7241642,1
0,0,0,0,7,1,1,59.5,415.95,False,False,False,False,False,False,True,False,False,False,False,True,True,False,59.42142857142857,True,False,False,False,1,0.37149042,1
0,0,1,1,9,1,1,55.3,501.2,False,False,False,False,False,False,True,True,False,True,False,False,False,False,55.68888888888889,True,False,False,False,0,0.2576497,3
1,1,1,1,1,1,1,49.25,49.25,False,False,False,False,True,False,False,False,False,False,False,True,False,False,49.25,False,False,False,False,1,0.5398845,3
1,0,0,0,9,1,1,80.8,713.1,True,False,False,False,False,True,False,False,False,False,False,False,False,True,79.23333333333333,True,False,False,False,1,0.684518,1
0,0,1,0,49,1,0,20.45,900.9,False,True,True,False,False,False,False,False,False,False,False,False,False,False,18.385714285714286,False,False,False,True,0,0.111504115,0
0,0,0,0,15,1,1,99.1,1426.4,True,False,False,False,True,False,False,False,True,True,False,False,True,True,95.09333333333333,False,True,False,False,1,0.65362096,1
0,0,1,1,30,1,0,19.55,608.5,False,True,True,False,False,False,False,False,False,False,False,False,False,False,20.283333333333335,False,False,True,False,0,0.10928842,3
0,1,1,0,70,1,1,75.65,5411.4,True,False,False,True,True,False,False,True,False,False,False,False,False,False,77.30571428571427,False,False,False,True,0,0.1671974,2
1,0,0,0,25,1,1,105.5,2686.05,True,False,False,False,False,True,False,False,True,False,True,True,True,True,107.44200000000001,False,False,True,False,0,0.65899736,1
0,0,1,1,49,0,1,35.8,1782.0,False,False,True,False,True,False,False,False,True,False,False,True,False,False,36.36734693877551,False,False,False,True,0,0.14500555,0
1,0,0,0,18,0,0,25.15,476.8,False,False,False,False,False,False,True,False,False,False,False,False,False,False,26.48888888888889,False,True,False,False,0,0.3428645,3
0,0,0,0,25,1,1,19.2,532.1,False,True,False,False,True,False,False,False,False,False,False,False,False,False,21.284000000000002,False,False,True,False,0,0.20482424,3
1,0,0,1,23,0,0,40.1,857.75,False,False,False,True,False,False,True,False,True,False,True,True,False,False,37.29347826086956,False,True,False,False,0,0.15403159,3
1,0,1,1,67,1,0,103.15,6895.5,True,False,False,True,False,False,False,False,False,True,True,True,True,True,102.91791044776119,False,False,False,True,0,0.14884643,2
1,0,1,1,35,1,0,20.5,759.35,False,True,False,True,False,False,False,False,False,False,False,False,False,False,21.695714285714285,False,False,True,False,0,0.09168129,3
1,0,0,0,1,1,1,45.85,45.85,False,False,False,False,False,False,True,False,False,False,False,False,False,False,45.85,False,False,False,False,1,0.67584074,3
1,0,1,0,72,1,0,114.45,8375.05,True,False,False,True,True,False,False,True,True,True,True,True,True,True,116.32013888888888,False,False,False,True,0,0.12873575,2
0,0,0,0,1,1,0,20.7,20.7,False,True,False,False,False,True,False,False,False,False,False,False,False,False,20.7,False,False,False,False,0,0.63614833,3
1,1,1,1,60,1,1,80.95,4859.1,True,False,False,False,False,True,False,True,True,False,False,False,False,False,80.985,False,False,False,True,0,0.27651164,2
0,0,0,0,7,1,1,59.1,369.25,False,False,True,False,False,True,False,False,True,False,False,False,False,True,52.75,True,False,False,False,0,0.5641649,3
1,0,0,0,64,1,0,19.55,1240.15,False,True,False,True,False,False,True,False,False,False,False,False,False,False,19.37734375,False,False,False,True,0,0.11305079,0
0,0,0,0,15,1,0,48.85,736.8,False,False,False,False,False,True,False,False,False,True,False,False,False,False,49.12,False,True,False,False,0,0.51812744,3
1,0,1,1,2,1,0,19.85,35.9,False,True,True,False,False,False,True,False,False,False,False,False,False,False,17.95,False,False,False,False,1,0.17713888,3
0,0,0,0,13,1,1,78.75,995.35,False,False,False,False,False,True,False,True,True,False,True,False,True,True,76.56538461538462,False,True,False,False,0,0.5560123,1
1,0,0,0,26,1,1,98.35,2515.3,True,False,False,False,False,True,False,True,False,False,True,False,True,True,96.7423076923077,False,False,True,False,1,0.7921762,1
0,0,1,0,52,0,0,35.45,1958.95,False,False,True,False,False,False,True,False,True,False,True,False,False,False,37.67211538461539,False,False,False,True,0,0.15514907,0
1,0,0,0,1,1,1,20.2,20.2,False,True,False,False,False,False,False,False,False,False,False,False,False,False,20.2,False,False,False,False,1,0.539493,3
0,1,0,0,15,1,0,89.85,1424.95,True,False,False,False,False,True,False,True,False,True,False,False,False,True,94.99666666666667,False,True,False,False,1,0.78108996,1
0,0,0,0,2,1,0,74.9,147.15,True,False,False,False,True,False,False,True,False,False,False,False,False,False,73.575,False,False,False,False,1,0.7662885,1
0,0,1,1,31,1,1,91.15,2995.45,True,False,False,False,False,True,False,True,False,True,False,False,False,True,96.62741935483871,False,False,True,False,1,0.52142113,1
1,0,0,0,26,1,0,75.5,2018.1,True,False,True,False,False,False,False,False,False,True,False,False,False,False,77.61923076923077,False,False,True,False,0,0.2850815,1
0,0,0,0,10,0,0,29.75,301.9,False,False,False,False,False,False,True,False,True,False,False,False,False,False,30.189999999999998,True,False,False,False,0,0.36295968,3
1,0,0,0,1,1,0,20.05,20.05,False,True,False,False,False,False,True,False,False,False,False,False,False,False,20.05,False,False,False,False,0,0.62614805,3
0,1,0,0,2,1,1,79.6,195.05,True,False,False,False,False,True,False,False,False,False,False,False,False,True,97.525,False,False,False,False,1,0.76768345,1
1,0,0,0,2,1,0,19.3,28.3,False,True,True,False,True,False,False,False,False,False,False,False,False,False,14.15,False,False,False,False,1,0.21730879,3
0,0,1,0,13,0,1,48.75,633.4,False,False,False,False,False,False,False,False,False,False,True,False,True,True,48.723076923076924,False,True,False,False,1,0.40719524,3
1,0,1,1,33,1,0,74.75,2453.3,False,False,True,False,True,False,False,False,True,False,True,False,True,True,74.34242424242424,False,False,True,False,0,0.18744066,1
0,1,0,0,46,1,1,91.3,4126.35,True,False,True,False,False,False,False,False,False,True,True,False,True,False,89.70326086956523,False,False,True,False,0,0.2396494,2
0,0,0,0,13,0,0,49.15,649.4,False,False,False,False,False,True,False,False,False,False,True,False,True,True,49.95384615384615,False,True,False,False,0,0.6819353,3
0,1,0,0,37,1,1,106.75,4056.75,True,False,False,False,False,False,False,True,True,True,False,False,True,True,109.64189189189189,False,False,True,False,1,0.5154368,2
0,0,1,1,61,1,0,19.1,1143.8,False,True,True,False,True,False,False,False,False,False,False,False,False,False,18.750819672131147,False,False,False,True,0,0.10887851,0
1,0,0,0,1,1,0,20.8,20.8,False,True,False,False,False,False,True,False,False,False,False,False,False,False,20.8,False,False,False,False,0,0.6423743,3
0,0,1,1,9,1,1,75.85,647.5,True,False,False,False,False,True,False,False,False,False,False,True,False,False,71.94444444444444,True,False,False,False,0,0.5839141,1
1,0,0,0,3,1,1,69.6,207.4,True,False,False,False,False,False,True,False,False,False,False,False,False,False,69.13333333333334,False,False,False,False,0,0.6263075,1
1,0,1,0,69,1,0,19.9,1363.45,False,True,False,True,False,False,True,False,False,False,False,False,False,False,19.76014492753623,False,False,False,True,0,0.08704714,0
0,0,1,1,62,1,0,20.3,1296.15,False,True,False,True,False,False,False,False,False,False,False,False,False,False,20.905645161290323,False,False,False,True,0,0.08188954,0
1,0,0,0,20,1,1,19.7,419.4,False,True,False,True,False,False,True,False,False,False,False,False,False,False,20.97,False,True,False,False,0,0.12876873,3
1,0,0,0,61,1,0,104.0,6363.45,True,False,True,False,False,True,False,True,True,False,True,False,True,True,104.31885245901638,False,False,False,True,0,0.64949477,2
0,0,0,0,4,1,0,23.9,97.5,False,True,True,False,False,True,False,True,False,False,False,False,False,False,24.375,False,False,False,False,0,0.6364924,3
1,0,1,0,63,1,0,102.6,6296.75,True,False,False,True,False,True,False,True,False,False,True,False,True,True,99.9484126984127,False,False,False,True,0,0.5688214,2
1,0,0,0,50,0,1,35.0,1782.4,False,False,False,False,False,False,True,False,True,True,False,False,False,False,35.648,False,False,False,True,0,0.21681853,0
1,0,0,0,1,1,0,80.5,80.5,True,False,False,False,False,True,False,False,False,False,False,False,False,True,80.5,False,False,False,False,1,0.8264117,1
0,0,1,1,70,1,0,74.1,5222.3,False,False,True,False,True,False,False,False,True,True,True,True,False,True,74.60428571428572,False,False,False,True,0,0.15901884,2
0,0,1,1,72,1,1,76.8,5468.45,False,False,False,True,False,False,False,True,False,False,True,False,True,True,75.95069444444444,False,False,False,True,0,0.08707592,2
0,0,0,0,35,1,0,60.55,1982.6,False,False,False,False,False,True,False,False,True,True,True,False,False,False,56.645714285714284,False,False,True,False,0,0.2509907,1
1,0,0,0,12,1,1,67.25,832.3,False,False,False,False,False,True,False,True,True,True,False,True,False,False,69.35833333333333,True,False,False,False,0,0.53201836,1
0,0,1,0,56,1,0,109.8,6109.65,True,False,True,False,False,False,False,True,True,True,True,False,True,True,109.10089285714285,False,False,False,True,0,0.3830854,2
1,0,0,1,12,1,1,73.75,871.4,True,False,False,False,True,False,False,True,False,False,False,False,False,False,72.61666666666666,True,False,False,False,1,0.4538636,1
0,0,0,0,36,1,0,55.8,1941.5,False,False,True,False,False,True,False,True,False,False,True,False,False,False,53.93055555555556,False,False,True,False,0,0.29222825,0
0,0,1,0,40,1,0,105.75,4228.55,True,False,True,False,False,False,False,True,True,False,True,False,True,True,105.71375,False,False,True,False,0,0.4607844,2
0,0,0,0,3,1,1,19.6,59.75,False,True,False,False,False,False,True,False,False,False,False,False,False,False,19.916666666666668,False,False,False,False,1,0.3860891,3
0,1,0,0,40,1,1,103.75,4188.4,True,False,True,False,True,False,False,True,False,False,True,True,True,True,104.71,False,False,True,False,0,0.48747566,2
1,0,1,0,67,1,0,70.9,4677.1,False,False,False,True,True,False,False,True,True,True,True,True,False,False,69.80746268656716,False,False,False,True,0,0.09676554,2
0,0,0,0,67,1,1,72.35,4991.5,False,False,True,False,False,False,False,False,True,False,True,True,False,True,74.5,False,False,False,True,0,0.18187839,2
0,0,0,0,7,1,1,66.85,458.1,False,False,False,False,False,True,False,False,False,False,False,False,True,True,65.44285714285715,True,False,False,False,0,0.5384395,1
1,0,0,0,3,1,0,90.4,268.45,True,False,False,False,False,True,False,False,False,True,True,False,False,True,89.48333333333333,False,False,False,False,0,0.7328851,1
1,0,0,0,42,1,1,100.3,4222.95,True,False,False,False,False,True,False,True,False,False,False,True,True,True,100.54642857142856,False,False,True,False,0,0.75087136,2
0,0,1,1,40,1,1,26.2,1077.5,False,True,False,False,False,True,False,True,False,False,False,False,False,False,26.9375,False,False,True,False,0,0.19070809,0
0,1,1,0,53,1,1,94.0,4871.45,True,False,True,False,False,True,False,False,False,True,True,True,True,False,91.91415094339622,False,False,False,True,0,0.4487985,2
0,0,0,0,3,1,0,19.55,61.05,False,True,False,False,False,True,False,False,False,False,False,False,False,False,20.349999999999998,False,False,False,False,0,0.5591848,3
0,1,0,0,9,1,1,90.1,816.8,True,False,False,False,False,True,False,True,False,False,True,False,True,False,90.75555555555555,True,False,False,False,0,0.83232754,1
0,0,1,1,72,1,1,20.1,1326.25,False,True,False,True,True,False,False,False,False,False,False,False,False,False,18.42013888888889,False,False,False,True,0,0.0863518,0
1,1,0,0,46,1,0,85.0,3969.4,True,False,False,False,False,True,False,False,True,False,False,False,False,True,86.29130434782608,False,False,True,False,1,0.48020804,2
0,0,1,1,61,1,1,24.1,1551.6,False,True,False,True,False,False,True,True,False,False,False,False,False,False,25.43606557377049,False,False,False,True,0,0.08215019,0
0,0,1,1,54,1,0,69.95,3871.85,False,False,False,True,False,False,False,False,True,False,True,True,False,True,71.70092592592593,False,False,False,True,0,0.09449359,2
1,0,0,0,11,0,1,41.6,470.6,False,False,True,False,False,True,False,False,False,False,True,False,True,False,42.78181818181818,True,False,False,False,1,0.63875526,3
0,0,1,0,29,1,1,19.55,521.8,False,True,False,True,False,False,True,False,False,False,False,False,False,False,17.99310344827586,False,False,True,False,0,0.10820429,3
1,0,1,1,67,1,1,111.3,7482.1,True,False,True,False,False,True,False,True,True,True,True,False,True,True,111.67313432835822,False,False,False,True,1,0.3114565,2
1,0,1,1,49,1,1,97.95,4917.9,True,False,True,False,False,True,False,True,False,False,False,True,True,True,100.36530612244897,False,False,False,True,0,0.49254936,2
1,0,1,0,72,1,1,100.55,7325.1,True,False,False,True,False,False,False,True,True,True,False,True,False,True,101.73750000000001,False,False,False,True,0,0.12297495,2
0,0,1,1,71,1,0,87.25,6328.7,False,False,False,True,True,False,False,False,True,True,True,True,True,True,89.13661971830986,False,False,False,True,0,0.08827649,2
0,1,0,0,44,1,0,74.85,3268.05,False,False,True,False,False,False,False,False,False,False,True,True,True,True,74.27386363636364,False,False,True,False,0,0.21673138,2
1,0,1,1,41,1,1,60.3,2511.3,False,False,True,False,False,False,False,False,True,True,True,False,False,False,61.25121951219513,False,False,True,False,0,0.12825345,0
0,0,0,0,11,1,1,58.95,601.6,False,False,False,False,False,False,True,True,False,False,False,False,False,True,54.690909090909095,True,False,False,False,0,0.35546058,1
0,0,0,0,13,1,1,19.3,279.3,False,True,False,False,False,False,True,False,False,False,False,False,False,False,21.484615384615385,False,True,False,False,0,0.2285823,3
0,1,1,0,55,1,0,88.8,4805.3,True,False,False,True,True,False,False,False,False,False,True,True,True,False,87.36909090909091,False,False,False,True,0,0.16628104,2
0,0,0,0,11,1,0,48.55,501.0,False,False,False,False,True,False,False,False,True,False,False,False,False,False,45.54545454545455,True,False,False,False,1,0.29980406,3
0,0,0,1,48,0,0,45.55,2108.35,False,False,False,False,True,False,False,False,False,True,True,False,False,True,43.92395833333333,False,False,True,False,0,0.25565386,0
1,0,0,0,31,1,0,81.7,2548.65,True,False,True,False,True,False,False,True,False,False,False,True,False,False,82.21451612903226,False,False,True,False,0,0.2958191,1
1,0,0,0,63,1,0,109.2,7049.75,True,False,False,True,True,False,False,False,True,True,True,True,True,True,111.90079365079364,False,False,False,True,0,0.2729621,2
0,1,1,1,61,1,1,65.2,3965.05,False,False,True,False,False,True,False,True,False,False,True,False,True,False,65.00081967213114,False,False,False,True,0,0.16761963,2
0,0,1,1,72,1,0,24.25,1784.5,False,True,False,True,True,False,False,True,False,False,False,False,False,False,24.78472222222222,False,False,False,True,0,0.084197424,0
0,0,1,1,53,1,1,108.25,5935.1,True,False,False,False,False,False,False,False,False,True,True,True,True,True,111.98301886792453,False,False,False,True,0,0.2914934,2
0,1,0,0,7,1,1,48.2,340.35,False,False,False,False,False,True,False,False,True,False,False,False,False,False,48.621428571428574,True,False,False,False,0,0.571506,3
0,0,1,1,28,1,1,81.05,2227.1,True,False,False,False,False,True,False,False,False,False,False,False,False,True,79.53928571428571,False,False,True,False,1,0.43868563,1
0,0,0,0,16,1,0,72.65,1194.3,True,False,False,False,False,True,False,True,False,False,False,False,False,False,74.64375,False,True,False,False,1,0.77864087,1
0,0,0,1,7,1,1,71.05,472.65,True,False,False,False,False,True,False,False,False,False,False,False,False,False,67.52142857142857,True,False,False,False,0,0.63828254,1
0,0,0,0,5,1,1,64.0,370.25,False,False,False,False,False,True,False,True,False,True,False,False,False,True,74.05,False,False,False,False,0,0.60548425,1
0,0,1,1,71,1,0,23.9,1663.5,False,True,False,True,True,False,False,True,False,False,False,False,False,False,23.429577464788732,False,False,False,True,0,0.08438095,0
1,0,1,1,7,0,1,34.5,279.25,False,False,False,False,False,True,False,False,True,False,False,True,False,False,39.892857142857146,True,False,False,False,1,0.3650962,3
1,1,0,0,11,1,1,111.4,1183.05,True,False,False,False,False,True,False,True,False,True,True,True,True,True,107.55,True,False,False,False,0,0.7851161,1
1,0,0,0,52,0,0,63.9,3334.95,False,False,False,True,True,False,False,False,True,True,True,True,True,True,64.13365384615385,False,False,False,True,0,0.1554478,0
0,0,0,0,49,1,0,67.4,3306.85,False,False,False,True,False,False,False,False,True,True,True,True,False,False,67.48673469387755,False,False,False,True,0,0.1116053,2
1,0,0,0,19,1,0,18.8,279.2,False,True,True,False,False,False,True,False,False,False,False,False,False,False,14.694736842105263,False,True,False,False,0,0.14677735,3
1,0,0,0,2,1,1,80.95,171.15,True,False,False,False,False,True,False,False,False,False,False,False,False,True,85.575,False,False,False,False,1,0.736821,1
1,0,1,0,52,1,1,95.65,5088.4,True,False,False,False,True,False,False,True,False,True,False,True,False,True,97.85384615384615,False,False,False,True,0,0.37440842,2
1,0,1,0,23,1,0,84.25,1968.1,True,False,False,False,False,True,False,True,False,True,True,False,False,False,85.5695652173913,False,True,False,False,0,0.70723575,1
1,1,0,0,8,1,1,69.7,572.85,True,False,False,False,False,True,False,False,False,False,False,False,False,False,71.60625,True,False,False,False,0,0.70216155,1
0,1,1,1,65,1,1,103.9,6767.1,True,False,True,False,False,False,False,True,False,False,True,True,True,True,104.10923076923078,False,False,False,True,0,0.2874378,2
1,0,0,1,2,1,1,55.3,108.65,False,False,False,False,False,True,False,False,False,False,False,False,False,True,54.325,False,False,False,False,0,0.5934457,3
0,0,1,0,62,1,0,23.65,1416.75,False,True,False,True,False,False,False,True,False,False,False,False,False,False,22.850806451612904,False,False,False,True,0,0.08761419,0
1,0,0,0,3,1,1,89.85,244.45,True,False,False,False,False,False,True,False,False,False,True,True,True,False,81.48333333333333,False,False,False,False,0,0.6334729,1
1,0,1,1,49,1,1,93.65,4520.15,True,False,True,False,False,True,False,True,False,True,True,False,True,False,92.24795918367346,False,False,False,True,0,0.48032528,2
0,0,0,1,15,1,0,69.0,994.8,True,False,False,False,False,False,False,False,False,False,False,False,False,False,66.32,False,True,False,False,1,0.44389495,1
0,0,0,1,41,1,1,20.25,865.0,False,True,True,False,True,False,False,False,False,False,False,False,False,False,21.097560975609756,False,False,True,False,0,0.12635984,0
0,1,0,0,46,1,1,104.45,4863.85,True,False,False,False,False,True,False,True,False,True,True,False,True,True,105.7358695652174,False,False,True,False,0,0.68461144,2
1,0,0,0,56,1,1,25.95,1444.05,False,True,False,True,False,False,False,True,False,False,False,False,False,False,25.786607142857143,False,False,False,True,0,0.103314854,0
1,0,0,0,48,1,1,95.4,4445.3,True,False,False,False,False,True,False,True,True,False,False,True,False,True,92.61041666666667,False,False,True,False,0,0.6295611,2
1,0,0,0,2,1,0,70.7,129.2,True,False,False,False,False,False,True,False,False,False,False,False,False,False,64.6,False,False,False,False,0,0.68066484,1
0,0,1,1,72,1,0,23.75,1679.25,False,True,False,True,False,False,False,True,False,False,False,False,False,False,23.322916666666668,False,False,False,True,0,0.081166305,0
1,0,1,0,45,1,0,78.8,3597.5,False,False,True,False,False,False,False,False,True,True,True,False,True,True,79.94444444444444,False,False,True,False,0,0.1993017,2
1,0,1,1,37,1,1,62.8,2278.75,False,False,False,True,True,False,False,True,True,False,True,True,False,False,61.58783783783784,False,False,True,False,0,0.1057549,1
0,0,0,0,61,1,0,89.2,5500.6,True,False,False,False,False,False,True,True,False,False,True,False,False,True,90.17377049180328,False,False,False,True,0,0.32418463,2
0,0,0,0,60,1,0,20.6,1093.0,False,True,False,True,False,False,True,False,False,False,False,False,False,False,18.216666666666665,False,False,False,True,0,0.115612715,0
0,1,1,0,2,1,0,50.15,115.1,False,False,False,False,True,False,False,False,False,True,False,False,False,False,57.55,False,False,False,False,1,0.5410652,3
0,0,1,1,63,1,0,75.55,4707.85,False,False,False,True,True,False,False,False,True,True,True,True,True,False,74.72777777777779,False,False,False,True,0,0.08905136,2
0,1,0,0,4,1,1,84.6,360.1,True,False,False,False,False,True,False,True,False,False,False,False,False,True,90.025,False,False,False,False,1,0.8319265,1
1,0,0,0,62,1,0,102.0,6529.25,True,False,True,False,False,True,False,True,True,True,False,True,False,True,105.31048387096774,False,False,False,True,1,0.4471942,2
0,0,0,0,62,1,1,92.05,5755.8,True,False,True,False,False,True,False,True,True,True,True,False,False,False,92.83548387096775,False,False,False,True,0,0.41661483,2
1,0,0,0,69,1,1,97.65,6743.55,True,False,False,True,True,False,False,True,False,True,True,True,True,False,97.73260869565217,False,False,False,True,0,0.2261259,2
0,0,0,0,4,1,1,105.65,443.9,True,False,True,False,False,True,False,False,False,True,True,True,True,True,110.975,False,False,False,False,1,0.7622587,1
0,0,1,0,49,0,1,56.3,2780.6,False,False,True,False,True,False,False,False,False,True,False,True,True,True,56.7469387755102,False,False,False,True,0,0.24138106,0
1,0,0,0,51,1,1,81.15,4126.2,False,False,True,False,True,False,False,True,True,True,True,True,True,False,80.90588235294118,False,False,False,True,0,0.16889627,2
1,0,0,0,26,0,1,44.65,1156.55,False,False,False,False,False,False,False,False,True,True,False,False,False,True,44.482692307692304,False,False,True,False,0,0.32287222,3
0,0,0,0,9,1,1,43.75,405.7,False,False,False,False,False,True,False,False,False,False,False,False,False,False,45.077777777777776,True,False,False,False,0,0.5475987,3
0,0,0,0,57,1,0,94.7,5468.95,True,False,True,False,False,True,False,True,False,True,False,True,False,True,95.94649122807017,False,False,False,True,0,0.48695725,2
0,0,1,0,37,1,0,19.5,805.2,False,True,False,False,False,False,False,False,False,False,False,False,False,False,21.762162162162163,False,False,True,False,0,0.16600457,0
1,0,0,0,30,1,1,97.0,3021.3,True,False,True,False,False,False,False,False,False,True,False,False,True,True,100.71000000000001,False,False,True,False,0,0.4366735,1
0,1,1,1,70,1,1,107.9,7475.85,True,False,True,False,False,True,False,True,False,True,True,True,True,True,106.79785714285715,False,False,False,True,0,0.2896465,2
1,0,0,1,22,1,1,89.4,2001.5,True,False,False,False,False,True,False,False,False,True,True,False,True,False,90.97727272727273,False,True,False,False,1,0.55941385,1
1,0,0,0,39,0,1,48.95,1880.85,False,False,False,False,True,False,False,False,True,True,False,True,True,False,48.22692307692307,False,False,True,False,1,0.26412207,0
0,1,1,0,33,1,1,80.6,2656.5,True,False,False,False,False,False,False,True,False,True,False,False,False,False,80.5,False,False,True,False,1,0.44363213,1
1,0,0,0,60,1,1,116.6,7049.5,True,False,True,False,True,False,False,True,True,True,True,True,True,True,117.49166666666666,False,False,False,True,0,0.41061458,2
0,0,1,1,1,1,0,19.45,19.45,False,True,False,False,False,True,False,False,False,False,False,False,False,False,19.45,False,False,False,False,0,0.48683777,3
0,0,1,1,12,1,1,58.35,740.55,False,False,False,False,True,False,False,False,False,False,True,False,True,False,61.7125,True,False,False,False,0,0.21088395,1
0,0,1,1,51,1,0,19.95,1028.75,False,True,False,True,False,False,True,False,False,False,False,False,False,False,20.17156862745098,False,False,False,True,0,0.08893188,0
0,0,1,1,22,1,1,80.15,1790.65,True,False,False,False,False,True,False,False,False,False,False,False,False,True,81.39318181818182,False,True,False,False,0,0.5130281,1
1,0,1,1,1,1,0,18.8,18.8,False,True,True,False,False,False,True,False,False,False,False,False,False,False,18.8,False,False,False,False,0,0.25769514,3
1,0,1,1,39,1,0,100.0,3835.55,True,False,True,False,False,True,False,True,False,False,True,False,True,True,98.3474358974359,False,False,True,False,0,0.54378086,2
0,0,0,0,4,1,1,93.5,362.2,True,False,False,False,False,True,False,True,False,True,False,True,False,True,90.55,False,False,False,False,1,0.83906883,1
0,0,0,0,39,1,1,80.45,3201.55,True,False,False,True,False,True,False,False,False,False,True,True,False,False,82.09102564102565,False,False,True,False,1,0.4874463,1
1,1,1,0,69,1,1,84.9,5785.65,True,False,False,False,True,False,False,True,True,True,False,False,False,False,83.85,False,False,False,True,0,0.23080592,2
1,1,1,0,8,1,1,64.4,581.7,False,False,False,False,True,False,False,False,False,False,True,True,False,True,72.7125,True,False,False,False,0,0.27019066,1
1,0,1,0,68,1,0,25.05,1629.2,False,True,False,True,True,False,False,True,False,False,False,False,False,False,23.958823529411767,False,False,False,True,0,0.09255559,0
0,1,0,0,2,1,0,70.75,154.85,True,False,False,False,False,True,False,False,False,False,False,False,False,False,77.425,False,False,False,False,1,0.74760205,1
1,1,1,0,24,0,0,39.1,971.3,False,False,False,False,False,False,False,False,True,False,False,False,False,True,40.47083333333333,False,True,False,False,1,0.32778937,3
0,0,1,0,42,1,1,50.25,2203.65,False,False,False,False,False,True,False,True,False,False,False,False,False,False,52.46785714285714,False,False,True,False,1,0.28029144,0
0,0,1,0,59,1,1,80.1,4693.2,False,False,True,False,False,True,False,True,False,True,False,True,True,True,79.5457627118644,False,False,False,True,0,0.29482153,2
1,0,1,1,1,1,0,80.0,80.0,True,False,False,False,False,True,False,False,False,False,False,False,False,True,80.0,False,False,False,False,1,0.7276512,1
0,0,1,1,46,0,0,35.05,1620.25,False,False,False,False,False,False,False,False,True,True,False,False,False,False,35.22282608695652,False,False,True,False,0,0.19817086,0
1,0,0,0,4,0,1,29.65,118.5,False,False,False,False,False,True,False,False,False,False,True,False,False,False,29.625,False,False,False,False,1,0.7116682,3
1,0,1,1,11,1,1,20.45,250.8,False,True,False,False,False,True,False,False,False,False,False,False,False,False,22.8,True,False,False,False,0,0.23423491,3
1,0,1,0,59,1,0,66.4,3958.2,False,False,True,False,True,False,False,False,True,True,True,False,True,False,67.08813559322033,False,False,False,True,0,0.12269706,2
0,0,1,1,53,1,0,60.6,3297.0,False,False,True,False,True,False,False,False,False,False,True,False,False,True,62.20754716981132,False,False,False,True,0,0.14950486,0
0,0,0,0,3,1,1,54.2,140.4,False,False,False,False,False,True,False,False,False,False,False,False,True,False,46.800000000000004,False,False,False,False,0,0.6980965,3
0,0,1,0,72,1,1,25.25,1841.2,False,True,False,True,False,False,False,True,False,False,False,False,False,False,25.572222222222223,False,False,False,True,0,0.08504165,0
1,0,0,0,9,1,1,18.95,185.6,False,True,False,False,False,False,True,False,False,False,False,False,False,False,20.62222222222222,True,False,False,False,1,0.22538708,3
1,0,1,1,24,1,1,20.8,469.65,False,True,True,False,True,False,False,False,False,False,False,False,False,False,19.568749999999998,False,True,False,False,0,0.1203309,3
0,1,1,0,45,1,1,86.1,3861.45,True,False,False,False,False,True,False,False,False,False,True,False,False,True,85.81,False,False,True,False,0,0.45200983,2
0,0,1,0,49,0,0,40.65,2070.75,False,False,False,False,False,False,False,False,True,False,False,False,True,False,42.26020408163265,False,False,False,True,0,0.21350524,0
0,0,1,0,61,1,0,24.4,1417.9,False,True,False,True,False,False,True,True,False,False,False,False,False,False,23.24426229508197,False,False,False,True,0,0.08761419,0
1,0,0,0,2,1,1,70.3,144.0,True,False,False,False,False,True,False,False,False,False,False,False,False,False,72.0,False,False,False,False,0,0.72833437,1
0,0,0,0,5,1,1,85.4,425.9,True,False,False,False,True,False,False,False,False,False,False,True,False,True,85.17999999999999,False,False,False,False,1,0.7063037,1
0,0,0,0,2,0,1,42.6,72.4,False,False,False,False,False,True,False,False,True,True,False,False,False,True,36.2,False,False,False,False,1,0.7530003,3
1,0,0,0,25,1,0,81.75,2028.8,False,False,False,False,False,False,False,True,True,True,True,True,False,True,81.152,False,False,True,False,0,0.23043221,1
0,0,1,0,60,1,1,106.15,6411.25,True,False,False,False,False,True,False,True,False,True,True,False,True,True,106.85416666666667,False,False,False,True,0,0.61472344,2
1,0,1,1,51,1,0,110.05,5686.4,True,False,True,False,True,False,False,True,True,True,False,True,True,True,111.49803921568626,False,False,False,True,0,0.32643375,2
1,0,1,1,2,1,0,56.7,113.55,False,False,False,False,False,False,True,True,True,False,False,False,False,False,56.775,False,False,False,False,1,0.49632245,3
1,1,1,0,62,1,1,103.75,6383.35,True,False,True,False,False,True,False,True,False,True,True,False,True,True,102.95725806451614,False,False,False,True,1,0.57149243,2
1,0,1,0,52,1,1,81.4,4354.45,False,False,True,False,True,False,False,True,True,True,True,True,False,True,83.73942307692307,False,False,False,True,0,0.18038842,2
1,0,0,0,68,1,1,76.9,5023.0,False,False,True,False,True,False,False,True,True,True,True,False,False,True,73.86764705882354,False,False,False,True,0,0.20968473,2
0,0,0,0,22,1,1,84.15,1821.95,True,False,False,False,False,False,False,True,False,False,False,False,True,False,82.81590909090909,False,True,False,False,0,0.5190531,1
1,1,1,0,1,0,0,25.05,25.05,False,False,False,False,False,True,False,False,False,False,False,False,False,False,25.05,False,False,False,False,1,0.7029016,3
1,1,0,0,3,0,1,41.15,132.2,False,False,False,False,False,True,False,False,False,False,True,False,False,True,44.06666666666666,False,False,False,False,1,0.7305457,3
0,1,0,0,16,1,1,96.4,1581.2,True,False,False,False,False,True,False,True,False,False,False,False,True,True,98.825,False,True,False,False,1,0.82254,1
0,1,0,0,32,1,1,74.4,2276.95,True,False,False,False,False,True,False,False,False,True,False,False,False,False,71.1546875,False,False,True,False,1,0.5784521,1
1,0,0,0,50,1,0,24.9,1195.25,False,True,False,True,False,False,False,True,False,False,False,False,False,False,23.905,False,False,False,True,0,0.11510335,0
1,0,1,1,1,1,1,48.75,48.75,False,False,False,False,False,False,True,False,True,False,False,False,False,False,48.75,False,False,False,False,0,0.60421485,3
0,0,0,0,6,1,0,83.9,497.55,True,False,False,False,False,True,False,False,False,False,True,False,False,True,82.925,False,False,False,False,1,0.7626147,1
1,0,0,0,1,1,1,50.75,50.75,False,False,False,False,False,True,False,False,False,True,False,False,False,False,50.75,False,False,False,False,1,0.71908796,3
0,0,1,1,29,1,0,20.2,558.8,False,True,False,True,False,False,True,False,False,False,False,False,False,False,19.268965517241377,False,False,True,False,0,0.09261398,3
1,0,0,0,1,1,1,19.3,19.3,False,True,False,False,False,False,True,False,False,False,False,False,False,False,19.3,False,False,False,False,1,0.4851171,3
0,0,0,0,58,1,1,95.3,5817.7,True,False,False,False,False,True,False,False,False,False,False,True,True,True,100.3051724137931,False,False,False,True,0,0.52311933,2
1,1,1,1,35,1,1,76.05,2747.2,False,False,False,False,False,True,False,False,False,True,False,True,True,True,78.49142857142857,False,False,True,False,0,0.19727176,1
1,0,0,0,43,1,0,19.55,876.15,False,True,False,True,False,False,True,False,False,False,False,False,False,False,20.375581395348835,False,False,True,False,0,0.12027009,0
0,0,0,0,41,1,0,50.05,2029.05,False,False,True,False,False,False,False,False,False,False,False,True,False,False,49.4890243902439,False,False,True,False,0,0.13876943,0
0,0,1,1,47,1,0,19.3,890.5,False,True,False,True,False,False,False,False,False,False,False,False,False,False,18.9468085106383,False,False,True,False,0,0.097229704,0
0,0,0,0,33,1,1,100.0,3320.6,True,False,False,False,False,True,False,True,False,True,False,False,True,True,100.62424242424242,False,False,True,False,0,0.764552,2
1,0,0,0,67,1,0,20.5,1430.95,False,True,False,True,False,False,False,False,False,False,False,False,False,False,21.357462686567164,False,False,False,True,0,0.09478641,0
0,0,1,0,72,1,0,19.4,1496.45,False,True,False,True,False,False,False,False,False,False,False,False,False,False,20.78402777777778,False,False,False,True,0,0.08968715,0
1,0,1,1,50,1,0,54.9,2614.1,False,False,True,False,False,False,False,True,False,False,True,False,False,False,52.282,False,False,False,True,0,0.11217033,0
1,1,1,0,49,1,0,49.8,2398.4,False,False,False,True,False,False,True,False,False,True,False,False,False,False,48.946938775510205,False,False,False,True,0,0.10278169,0
1,0,0,0,4,1,1,74.35,265.35,True,False,False,False,False,True,False,True,False,False,False,False,False,False,66.3375,False,False,False,False,1,0.8016617,1
1,0,1,0,61,1,0,94.15,5731.85,True,False,False,False,True,False,False,False,False,True,True,True,False,True,93.96475409836066,False,False,False,True,0,0.27315068,2
1,0,1,1,7,1,0,20.65,150.0,False,True,True,False,False,False,True,False,False,False,False,False,False,False,21.428571428571427,True,False,False,False,0,0.15296273,3
1,1,0,0,14,1,0,90.45,1266.1,True,False,False,False,True,False,False,False,False,False,False,False,True,True,90.43571428571428,False,True,False,False,1,0.57792413,1
0,0,1,0,26,1,1,73.05,1959.5,False,False,False,False,False,True,False,False,False,True,False,True,True,True,75.36538461538461,False,False,True,False,0,0.30348486,1
0,1,0,0,35,1,0,70.55,2419.0,True,False,False,False,False,True,False,False,False,False,False,False,False,False,69.11428571428571,False,False,True,False,0,0.59390837,1
0,1,1,0,54,1,1,99.1,5437.1,True,False,True,False,False,True,False,False,False,False,True,True,True,True,100.68703703703704,False,False,False,True,0,0.4968057,2
0,0,0,0,8,1,0,95.65,778.1,True,False,False,False,False,False,False,True,False,False,False,False,True,True,97.2625,True,False,False,False,1,0.7937637,1
1,0,0,1,1,1,1,71.65,71.65,True,False,False,False,False,True,False,False,False,False,False,False,False,False,71.65,False,False,False,False,1,0.78329414,1
0,0,1,1,67,1,1,100.25,6689.0,True,False,True,False,False,False,False,True,True,False,True,True,False,True,99.83582089552239,False,False,False,True,0,0.22590773,2
0,0,0,1,24,1,0,19.75,498.1,False,True,False,True,False,False,True,False,False,False,False,False,False,False,20.754166666666666,False,True,False,False,0,0.109429576,3
0,0,1,1,64,1,0,24.9,1595.5,False,True,True,False,False,False,True,True,False,False,False,False,False,False,24.9296875,False,False,False,True,0,0.100979224,0
0,1,1,1,34,1,1,79.6,2718.3,True,False,False,False,False,False,True,True,False,True,False,False,False,False,79.95,False,False,True,False,1,0.39073548,1
1,0,1,1,8,1,0,19.9,153.95,False,True,True,False,True,False,False,False,False,False,False,False,False,False,19.24375,True,False,False,False,0,0.14107874,3
0,0,0,0,6,1,0,20.2,123.65,False,True,False,False,False,False,True,False,False,False,False,False,False,False,20.608333333333334,False,False,False,False,0,0.30092388,3
1,0,0,0,13,1,1,99.0,1301.7,True,False,False,False,False,False,True,True,False,False,False,True,True,True,100.13076923076923,False,True,False,False,1,0.65604144,1
1,0,1,1,62,1,1,24.25,1424.6,False,True,False,True,False,False,False,True,False,False,False,False,False,False,22.97741935483871,False,False,False,True,0,0.082211785,0
1,0,1,0,34,1,1,100.05,3480.0,True,False,False,False,False,True,False,True,False,False,True,False,True,True,102.3529411764706,False,False,True,False,1,0.72648126,2
1,0,0,0,9,1,1,99.3,918.75,True,False,False,False,True,False,False,True,False,True,False,False,True,True,102.08333333333333,True,False,False,False,0,0.72401345,1
1,0,0,0,22,1,0,20.3,467.15,False,True,True,False,True,False,False,False,False,False,False,False,False,False,21.23409090909091,False,True,False,False,0,0.15693249,3
1,0,0,1,40,1,1,55.25,2139.2,False,False,False,False,False,False,True,False,True,True,False,False,False,False,53.48,False,False,True,False,1,0.1731412,0
0,1,1,0,35,1,1,100.5,3653.35,True,False,False,False,False,False,False,True,True,True,False,True,True,False,104.38142857142857,False,False,True,False,1,0.40244636,2
1,0,0,0,7,1,0,23.5,173.0,False,True,False,False,False,False,True,True,False,False,False,False,False,False,24.714285714285715,True,False,False,False,0,0.31056872,3
1,1,0,0,32,1,0,19.8,587.7,False,True,True,False,True,False,False,False,False,False,False,False,False,False,18.365625,False,False,True,False,0,0.13591799,3
1,0,0,1,61,1,0,19.75,1124.2,False,True,False,True,False,False,True,False,False,False,False,False,False,False,18.42950819672131,False,False,False,True,0,0.10545847,0
1,0,0,0,2,1,0,20.75,44.2,False,True,False,False,False,False,True,False,False,False,False,False,False,False,22.1,False,False,False,False,0,0.4629838,3
0,0,1,0,56,1,0,103.2,5744.35,True,False,False,True,False,False,False,True,False,False,True,True,True,True,102.57767857142858,False,False,False,True,0,0.27454114,2
0,1,1,0,65,1,1,106.25,6979.8,True,False,True,False,False,True,False,True,False,True,True,False,True,True,107.38153846153847,False,False,False,True,1,0.56952804,2
0,0,1,1,28,1,0,49.9,1410.25,False,False,False,False,False,False,True,True,False,False,False,False,False,False,50.36607142857143,False,False,True,False,0,0.15840767,3
1,0,0,0,18,1,0,69.5,1199.4,False,False,False,False,False,False,True,True,True,False,True,False,True,False,66.63333333333334,False,True,False,False,0,0.2849021,1
0,0,1,1,71,1,1,90.55,6239.05,False,False,False,True,True,False,False,True,True,True,True,True,True,True,87.87394366197184,False,False,False,True,0,0.089862026,2
1,0,0,0,72,1,1,88.6,6201.95,False,False,False,True,False,False,False,True,False,True,True,True,True,True,86.13819444444444,False,False,False,True,0,0.10354569,2
1,1,0,0,1,1,1,76.45,76.45,True,False,False,False,False,True,False,True,False,False,False,False,False,False,76.45,False,False,False,False,1,0.8406476,1
1,0,0,0,1,1,0,19.75,19.75,False,True,False,False,False,False,True,False,False,False,False,False,False,False,19.75,False,False,False,False,1,0.62614805,3
0,0,0,0,34,1,0,20.35,673.2,False,True,False,False,False,False,True,False,False,False,False,False,False,False,19.8,False,False,True,False,0,0.18317486,3
0,0,0,0,8,1,1,87.05,762.1,True,False,False,False,False,True,False,True,False,False,False,False,True,False,95.2625,True,False,False,False,1,0.8492918,1
0,0,0,0,47,1,1,106.4,5127.95,True,False,False,False,False,True,False,True,False,True,True,False,True,True,109.10531914893616,False,False,True,False,1,0.693028,2
0,0,1,1,72,1,1,24.05,1709.15,False,True,False,True,False,False,False,True,False,False,False,False,False,False,23.738194444444446,False,False,False,True,0,0.081166305,0
0,0,1,1,52,1,1,25.05,1270.25,False,True,False,True,False,False,False,True,False,False,False,False,False,False,24.427884615384617,False,False,False,True,0,0.086547,0
1,0,0,0,3,1,0,19.85,64.55,False,True,False,False,False,False,True,False,False,False,False,False,False,False,21.516666666666666,False,False,False,False,1,0.35809624,3
0,0,1,0,60,0,0,37.7,2288.7,False,False,False,True,False,False,False,False,True,True,False,True,False,False,38.144999999999996,False,False,False,True,0,0.10742461,0
0,0,0,0,3,1,1,96.6,291.9,True,False,False,False,False,True,False,True,False,False,False,False,True,True,97.3,False,False,False,False,1,0.8659337,1
1,0,0,0,19,1,1,86.0,1532.45,True,False,False,False,False,False,False,True,False,False,False,False,False,True,80.65526315789474,False,True,False,False,1,0.53178793,1
1,0,0,0,1,1,1,69.9,69.9,True,False,False,False,False,True,False,False,False,False,False,False,False,False,69.9,False,False,False,False,0,0.82840335,1
0,0,1,0,6,1,1,105.3,545.2,True,False,False,False,False,True,False,True,False,True,True,False,True,True,90.86666666666667,False,False,False,False,1,0.83069307,1
1,0,1,1,49,1,0,59.6,2970.3,False,False,False,False,True,False,False,False,True,True,False,True,False,False,60.61836734693878,False,False,False,True,0,0.15304181,0
1,1,0,0,22,1,1,90.5,1910.6,True,False,False,False,False,False,False,True,False,False,False,True,True,False,86.84545454545454,False,True,False,False,1,0.43085778,1
0,0,1,1,42,1,1,19.05,761.85,False,True,True,False,False,True,False,False,False,False,False,False,False,False,18.139285714285716,False,False,True,False,0,0.15356268,0
1,1,1,0,46,1,1,98.85,4564.9,True,False,False,False,False,True,False,True,False,False,True,False,True,True,99.23695652173912,False,False,True,False,0,0.6730726,2
1,0,0,0,68,0,1,39.9,2796.35,False,False,False,False,False,False,False,False,False,False,True,False,False,True,41.12279411764706,False,False,False,True,0,0.22443506,0
0,0,0,1,2,1,0,20.5,38.25,False,True,True,False,False,False,False,False,False,False,False,False,False,False,19.125,False,False,False,False,0,0.19282234,3
1,0,0,1,0,1,0,20.25,0.0,False,True,False,True,False,False,True,False,False,False,False,False,False,False,0.0,False,False,False,False,0,0.19282894,3
0,0,1,1,35,1,0,72.25,2568.55,False,False,False,False,False,True,False,True,True,False,True,True,True,False,73.38714285714286,False,False,True,False,1,0.2288092,1
0,0,0,0,2,1,0,19.5,27.55,False,True,False,False,False,False,True,False,False,False,False,False,False,False,13.775,False,False,False,False,0,0.3069392,3
1,0,1,1,68,1,0,62.65,4375.8,False,False,False,True,True,False,False,False,True,True,True,True,False,False,64.35000000000001,False,False,False,True,0,0.0849547,2
1,0,1,0,16,1,1,75.4,1189.4,True,False,False,False,False,True,False,True,False,False,False,False,False,False,74.3375,False,True,False,False,0,0.7105891,1
1,0,1,0,72,1,1,110.9,8240.85,True,False,False,True,True,False,False,True,True,False,True,True,True,True,114.45625000000001,False,False,False,True,0,0.1288298,2
1,0,1,0,37,1,0,94.3,3460.95,True,False,False,True,False,False,True,True,False,False,True,True,True,False,93.53918918918919,False,False,True,False,0,0.25473717,2
1,0,1,1,53,1,0,25.55,1336.1,False,True,False,True,True,False,False,True,False,False,False,False,False,False,25.20943396226415,False,False,False,True,0,0.09042135,0
0,0,0,0,40,1,0,83.85,3532.25,True,False,False,False,False,False,False,True,False,False,False,False,False,True,88.30625,False,False,True,False,0,0.5002544,2
0,0,0,0,46,1,1,94.15,4408.45,True,False,True,False,False,True,False,True,False,True,True,False,False,True,95.8358695652174,False,False,True,False,0,0.6345829,2
1,0,0,0,3,1,1,100.95,329.95,True,False,False,False,False,True,False,True,False,False,True,False,True,True,109.98333333333333,False,False,False,False,1,0.810393,1
0,0,0,0,1,1,0,75.3,75.3,True,False,False,False,False,True,False,False,False,False,True,False,False,False,75.3,False,False,False,False,1,0.83647084,1
1,0,0,0,7,1,0,19.25,112.3,False,True,False,False,False,True,False,False,False,False,False,False,False,False,16.04285714285714,True,False,False,False,1,0.44738385,3
1,0,0,0,6,0,1,30.5,208.7,False,False,False,False,True,False,False,False,False,True,False,False,False,False,34.78333333333333,False,False,False,False,1,0.41679522,3
1,0,0,0,46,1,1,89.15,4245.55,True,False,False,False,True,False,False,True,True,False,False,False,True,False,92.29456521739131,False,False,True,False,0,0.38760507,2
0,0,1,0,54,1,1,70.15,3715.65,False,False,True,False,True,False,False,True,False,False,False,False,True,True,68.80833333333334,False,False,False,True,1,0.18389392,2
1,1,0,0,15,1,1,79.4,1156.1,True,False,False,False,False,True,False,False,False,False,False,False,False,True,77.07333333333332,False,True,False,False,1,0.62979645,1
1,0,0,0,3,1,1,85.3,264.8,True,False,False,False,False,True,False,True,False,False,False,False,False,True,88.26666666666667,False,False,False,False,1,0.8201601,1
1,0,1,1,70,1,0,20.05,1360.25,False,True,False,True,True,False,False,False,False,False,False,False,False,False,19.432142857142857,False,False,False,True,0,0.08570223,0
1,0,0,1,39,1,0,100.55,3895.35,True,False,False,True,False,False,True,True,False,False,False,True,True,True,99.88076923076923,False,False,True,False,0,0.27371463,2
1,0,1,0,2,1,0,20.0,38.0,False,True,False,False,False,False,True,False,False,False,False,False,False,False,19.0,False,False,False,False,0,0.2651411,3
1,0,0,0,18,1,1,75.6,1395.05,True,False,False,False,False,False,False,True,False,False,False,False,False,False,77.50277777777778,False,True,False,False,0,0.42400697,1
1,1,0,0,72,1,1,25.1,1789.9,False,True,False,True,True,False,False,True,False,False,False,False,False,False,24.859722222222224,False,False,False,True,0,0.10884751,0
1,0,0,1,47,1,1,55.3,2654.05,False,False,False,False,False,True,False,False,True,True,False,False,False,False,56.469148936170214,False,False,True,False,0,0.19257666,0
0,0,1,1,22,1,0,19.9,400.3,False,True,False,False,False,False,True,False,False,False,False,False,False,False,18.195454545454545,False,True,False,False,0,0.15197429,3
1,0,1,1,71,1,0,89.9,6457.15,False,False,False,True,True,False,False,True,True,True,True,True,True,True,90.94577464788732,False,False,False,True,0,0.089862026,2
1,0,0,0,8,1,1,74.85,572.45,True,False,False,False,False,True,False,True,False,False,False,False,False,False,71.55625,True,False,False,False,0,0.8038346,1
0,0,1,1,71,1,0,19.9,1389.35,False,True,False,True,False,False,False,False,False,False,False,False,False,False,19.56830985915493,False,False,False,True,0,0.08161767,0
0,0,0,0,53,1,1,94.45,5042.75,True,False,True,False,True,False,False,False,False,True,True,True,False,True,95.14622641509433,False,False,False,True,0,0.33285242,2
1,1,1,0,37,1,1,72.25,2575.45,True,False,False,False,False,False,False,False,False,False,False,False,False,False,69.60675675675675,False,False,True,False,0,0.399136,1
1,0,1,0,64,1,1,70.15,4480.7,False,False,True,False,False,False,True,True,False,True,False,True,False,True,70.0109375,False,False,False,True,0,0.16663173,2
1,0,0,1,5,1,1,48.65,235.2,False,False,False,False,False,False,False,False,False,False,False,True,False,False,47.04,False,False,False,False,0,0.39816102,3
0,0,0,0,60,1,0,104.7,6333.8,True,False,False,True,False,True,False,True,False,True,True,False,True,True,105.56333333333333,False,False,False,True,0,0.6335133,2
1,0,0,0,2,1,1,50.3,92.75,False,False,False,False,False,False,True,False,False,True,False,False,False,False,46.375,False,False,False,False,0,0.6060491,3
0,0,0,0,25,0,0,54.2,1423.15,False,False,True,False,False,True,False,False,False,False,True,True,True,True,56.926,False,False,True,False,0,0.46790195,1
0,0,1,1,6,1,0,19.7,113.5,False,True,False,False,False,False,True,False,False,False,False,False,False,False,18.916666666666668,False,False,False,False,0,0.19922982,3
1,0,1,1,60,1,1,110.6,6586.85,True,False,False,True,False,True,False,True,True,False,True,True,True,True,109.78083333333333,False,False,False,True,0,0.26915315,2
0,0,0,0,30,1,1,100.2,2983.8,True,False,False,False,False,True,False,True,False,True,False,False,True,True,99.46000000000001,False,False,True,False,1,0.7948358,1
1,0,0,0,67,0,1,49.35,3321.35,False,False,True,False,False,False,False,False,True,False,True,True,True,False,49.57238805970149,False,False,False,True,0,0.15221138,0
1,0,0,0,53,1,0,24.05,1301.9,False,True,True,False,False,False,False,True,False,False,False,False,False,False,24.56415094339623,False,False,False,True,0,0.12092687,0
0,0,1,1,10,1,0,55.2,528.35,False,False,False,False,True,False,False,False,False,False,True,True,False,False,52.835,True,False,False,False,1,0.21372782,3
0,0,0,0,1,1,1,52.2,52.2,False,False,False,False,False,True,False,False,False,False,False,True,False,False,52.2,False,False,False,False,1,0.7234293,3
1,0,1,0,55,0,1,54.55,2978.3,False,False,False,False,False,False,False,False,False,False,True,True,True,True,54.150909090909096,False,False,False,True,1,0.2170112,0
0,0,0,0,70,1,0,84.7,5991.05,False,False,False,True,False,False,True,True,True,True,True,False,True,True,85.58642857142857,False,False,False,True,0,0.11226541,2
0,0,1,0,34,1,0,50.2,1815.3,False,False,False,False,False,False,False,False,False,False,False,True,False,False,53.391176470588235,False,False,True,False,0,0.16926764,0
0,0,0,0,68,1,0,110.25,7279.35,True,False,False,True,True,False,False,True,True,True,False,True,True,True,107.04926470588236,False,False,False,True,0,0.33599278,2
0,0,1,0,59,1,1,109.15,6557.75,True,False,True,False,True,False,False,True,True,True,True,False,True,True,111.14830508474576,False,False,False,True,0,0.3729337,2
0,0,0,0,9,1,1,74.85,708.2,True,False,False,False,False,True,False,False,True,False,False,False,False,False,78.6888888888889,True,False,False,False,0,0.711314,1
1,0,0,0,6,1,1,80.5,463.05,True,False,False,False,True,False,False,False,False,False,False,False,True,False,77.175,False,False,False,False,1,0.62248796,1
1,0,1,0,50,1,1,103.95,5231.3,True,False,True,False,False,True,False,True,True,False,True,False,True,True,104.626,False,False,False,True,0,0.7029523,2
0,1,1,1,72,1,0,92.45,6440.25,False,False,False,True,True,False,False,True,True,True,True,True,True,True,89.44791666666667,False,False,False,True,1,0.09257081,2
1,1,1,0,41,0,1,53.95,2215.4,False,False,False,False,False,True,False,False,False,True,True,False,True,True,54.03414634146342,False,False,True,False,0,0.40040025,0
1,0,0,0,4,1,1,50.8,202.3,False,False,False,False,False,False,True,False,False,False,False,True,False,False,50.575,False,False,False,False,0,0.47250724,3
1,0,1,1,47,0,0,40.3,1794.8,False,False,True,False,False,True,False,False,True,False,True,True,False,False,38.18723404255319,False,False,True,False,0,0.21479739,0
1,0,1,1,62,1,1,94.95,5791.85,True,False,True,False,True,False,False,True,True,True,False,False,True,False,93.41693548387097,False,False,False,True,0,0.1842992,2
0,0,1,1,18,1,0,20.45,357.0,False,True,False,False,False,False,True,False,False,False,False,False,False,False,19.833333333333332,False,True,False,False,0,0.15548937,3
0,0,1,0,3,1,1,75.85,256.6,True,False,False,False,False,True,False,True,False,False,False,False,False,False,85.53333333333335,False,False,False,False,1,0.7957516,1
1,0,0,0,65,1,1,25.1,1725.0,False,True,False,True,False,False,False,True,False,False,False,False,False,False,26.53846153846154,False,False,False,True,0,0.100124285,0
1,0,1,0,59,1,0,85.55,5084.65,True,False,True,False,False,True,False,True,False,False,False,False,False,True,86.18050847457627,False,False,False,True,1,0.41773748,2
0,0,0,0,60,1,1,70.15,4224.7,False,False,True,False,True,False,False,False,False,True,True,True,True,False,70.41166666666666,False,False,False,True,0,0.15093723,2
0,0,0,0,10,1,1,20.55,187.35,False,True,False,False,False,False,True,False,False,False,False,False,False,False,18.735,True,False,False,False,0,0.21469201,3
1,0,1,1,7,0,0,38.55,280.0,False,False,False,True,False,False,True,False,True,True,True,False,False,False,40.0,True,False,False,False,0,0.17668307,3
1,0,0,0,28,1,0,91.0,2626.15,True,False,False,False,False,True,False,False,False,False,True,True,False,True,93.79107142857143,False,False,True,False,0,0.5358588,1
1,1,1,0,29,1,1,79.3,2414.55,True,False,False,False,False,True,False,True,False,False,False,True,False,False,83.26034482758621,False,False,True,False,0,0.58633834,1
1,0,1,1,0,1,1,19.7,0.0,False,True,True,False,False,False,True,False,False,False,False,False,False,False,0.0,False,False,False,False,0,0.27987033,3
0,0,0,0,37,1,0,64.65,2347.85,False,False,True,False,False,False,False,True,True,False,False,False,True,False,63.4554054054054,False,False,True,False,0,0.15119044,1
0,0,1,1,45,1,1,24.65,1138.8,False,True,False,True,False,False,False,True,False,False,False,False,False,False,25.306666666666665,False,False,True,False,0,0.094448745,0
1,0,1,0,61,1,1,79.8,4914.8,False,False,True,False,False,True,False,True,False,True,True,False,True,True,80.57049180327868,False,False,False,True,0,0.3031491,2
0,0,1,0,64,1,0,19.45,1208.6,False,True,False,True,True,False,False,False,False,False,False,False,False,False,18.884375,False,False,False,True,0,0.10159702,0
1,0,1,1,63,1,1,91.35,5764.7,True,False,True,False,False,True,False,True,False,True,False,False,False,True,91.5031746031746,False,False,False,True,0,0.26345527,2
0,1,1,0,37,1,1,76.5,2868.15,True,False,False,False,False,True,False,True,False,False,False,False,False,False,77.51756756756757,False,False,True,False,1,0.6163537,1
0,1,1,0,72,1,0,24.3,1778.7,False,True,False,True,False,False,False,True,False,False,False,False,False,False,24.704166666666666,False,False,False,True,0,0.08555329,0
0,0,1,1,66,1,0,89.9,5958.85,False,False,False,True,True,False,False,True,True,True,True,True,True,True,90.28560606060607,False,False,False,True,0,0.092235155,2
0,0,0,0,1,1,0,95.65,95.65,True,False,False,False,False,False,True,True,False,False,False,False,True,True,95.65,False,False,False,False,1,0.8379238,1
0,0,1,0,9,1,1,79.75,769.1,True,False,False,False,False,True,False,False,False,False,False,False,False,True,85.45555555555556,True,False,False,False,0,0.704402,1
1,0,0,0,1,0,0,25.35,25.35,False,False,False,False,False,False,True,False,False,False,False,False,False,False,25.35,False,False,False,False,0,0.67788756,3
0,1,0,0,4,1,1,99.8,442.85,True,False,False,False,True,False,False,False,False,True,True,False,True,True,110.7125,False,False,False,False,1,0.7433215,1
0,1,1,0,38,1,1,74.95,2869.85,True,False,False,False,False,False,False,True,False,False,False,False,False,False,75.52236842105263,False,False,True,False,1,0.44511828,1
1,0,1,1,44,1,1,61.9,2924.05,False,False,False,False,False,False,True,False,False,True,True,True,False,False,66.45568181818182,False,False,True,False,0,0.15491144,0
0,0,1,0,22,1,1,54.7,1178.75,False,False,False,False,False,False,True,False,False,True,True,False,False,False,53.57954545454545,False,True,False,False,0,0.23446174,3
0,0,0,0,53,1,1,106.95,5785.5,True,False,True,False,True,False,False,True,True,False,True,False,True,True,109.16037735849056,False,False,False,True,1,0.453164,2
1,1,1,0,23,1,1,90.45,2117.25,True,False,False,False,False,True,False,False,False,False,False,False,True,True,92.05434782608695,False,True,False,False,0,0.6014397,1
0,0,0,0,20,1,1,18.9,347.65,False,True,False,False,True,False,False,False,False,False,False,False,False,False,17.3825,False,True,False,False,0,0.2117022,3
1,0,0,0,51,1,0,24.75,1234.6,False,True,False,True,False,False,True,True,False,False,False,False,False,False,24.2078431372549,False,False,False,True,0,0.114534155,0
1,0,1,1,62,1,0,20.65,1218.45,False,True,False,True,True,False,False,False,False,False,False,False,False,False,19.65241935483871,False,False,False,True,0,0.08564341,0
1,0,0,0,7,1,1,18.95,130.55,False,True,False,False,False,False,True,False,False,False,False,False,False,False,18.650000000000002,True,False,False,False,0,0.2091698,3
0,0,0,0,17,1,1,83.55,1329.15,True,False,False,False,False,True,False,False,False,True,False,False,True,False,78.18529411764706,False,True,False,False,0,0.7126266,1
1,0,0,1,41,1,0,70.2,2894.55,False,False,True,False,False,False,True,False,True,True,True,False,True,False,70.59878048780489,False,False,True,False,0,0.15804216,1
0,0,0,0,7,1,1,94.05,633.45,True,False,True,False,False,False,True,False,False,True,False,False,True,True,90.49285714285715,True,False,False,False,0,0.7595536,1
1,0,0,1,1,1,1,50.05,50.05,False,False,False,False,False,True,False,True,False,False,False,False,False,False,50.05,False,False,False,False,0,0.6595657,3
0,0,1,0,64,1,0,58.35,3756.45,False,False,True,False,False,False,False,True,False,False,True,True,False,False,58.69453125,False,False,False,True,0,0.10616945,0
0,0,0,0,3,1,1,75.5,220.6,True,False,False,False,False,True,False,True,False,False,False,False,False,False,73.53333333333333,False,False,False,False,1,0.8229603,1
0,1,1,0,50,1,1,71.05,3444.85,True,False,False,False,False,True,False,False,False,False,False,False,False,False,68.89699999999999,False,False,False,True,1,0.45760828,2
1,0,1,0,18,1,0,56.8,1074.65,False,False,False,False,True,False,False,True,False,True,False,False,False,False,59.70277777777778,False,True,False,False,0,0.24387196,1
0,0,1,1,13,1,0,55.95,734.35,False,False,False,False,False,True,False,False,False,False,False,False,False,True,56.48846153846154,False,True,False,False,1,0.32807255,1
1,0,1,1,69,1,0,80.65,5542.55,False,False,False,True,False,False,False,False,True,True,False,True,True,True,80.3268115942029,False,False,False,True,0,0.08704187,2
0,0,0,0,1,1,1,79.15,79.15,True,False,False,False,False,False,True,True,False,True,False,False,False,False,79.15,False,False,False,False,0,0.8159746,1
1,0,0,0,4,1,0,90.65,367.95,True,False,False,False,False,True,False,True,True,False,False,False,True,False,91.9875,False,False,False,False,0,0.8347401,1
1,0,0,0,1,1,1,53.5,53.5,False,False,False,False,False,False,True,False,False,False,False,False,True,False,53.5,False,False,False,False,1,0.68475,3
1,0,1,1,25,1,0,53.65,1355.45,False,False,True,False,False,False,True,False,False,True,True,False,False,False,54.218,False,False,True,False,0,0.14404646,1
0,0,1,1,18,1,0,55.95,1082.8,False,False,False,False,False,False,True,False,False,False,False,False,True,False,60.15555555555555,False,True,False,False,0,0.20627421,1
1,0,1,1,48,1,0,23.55,1173.35,False,True,False,True,False,False,True,True,False,False,False,False,False,False,24.444791666666664,False,False,True,False,0,0.09370295,0
1,0,0,0,26,1,1,20.65,595.5,False,True,True,False,True,False,False,False,False,False,False,False,False,False,22.903846153846153,False,False,True,False,0,0.1428851,3
1,0,0,0,1,1,1,69.1,69.1,True,False,False,False,False,True,False,False,False,False,False,False,False,False,69.1,False,False,False,False,1,0.829141,1
0,0,0,1,4,0,1,57.2,223.75,False,False,False,False,False,False,True,False,True,True,True,False,True,True,55.9375,False,False,False,False,0,0.5077928,3
1,0,0,0,1,1,0,20.3,20.3,False,True,False,False,False,False,True,False,False,False,False,False,False,False,20.3,False,False,False,False,0,0.6000458,3
1,0,1,1,11,1,1,74.35,834.2,True,False,False,False,False,True,False,True,False,False,False,False,False,False,75.83636363636364,True,False,False,False,1,0.58566,1
1,0,1,1,4,1,0,61.45,229.55,False,False,False,False,True,False,False,False,False,False,False,True,False,True,57.3875,False,False,False,False,1,0.31610614,1
0,1,0,0,8,1,0,19.65,164.3,False,True,False,False,False,True,False,False,False,False,False,False,False,False,20.5375,True,False,False,False,1,0.49168915,3
0,0,1,0,6,1,1,90.75,512.25,True,False,False,False,False,True,False,True,False,True,False,False,False,True,85.375,False,False,False,False,0,0.8119769,1
1,0,0,0,72,1,0,92.0,6632.75,False,False,False,True,False,False,False,True,True,True,True,True,True,True,92.12152777777777,False,False,False,True,0,0.103342146,2
0,0,0,0,27,1,0,52.85,1498.65,False,False,False,True,False,False,False,False,True,True,False,False,False,False,55.50555555555556,False,False,True,False,0,0.12553963,1
0,1,0,1,1,1,1,71.0,71.0,True,False,False,False,False,True,False,False,False,False,False,False,False,False,71.0,False,False,False,False,1,0.7972989,1
0,0,0,0,17,1,0,20.15,353.65,False,True,True,False,False,False,True,False,False,False,False,False,False,False,20.802941176470586,False,True,False,False,0,0.15811874,3
1,0,0,0,66,1,0,68.75,4447.55,False,False,False,True,False,False,False,True,True,True,True,True,False,False,67.38712121212122,False,False,False,True,0,0.10209437,2
1,0,0,0,53,1,0,19.5,1050.5,False,True,False,True,True,False,False,False,False,False,False,False,False,False,19.82075471698113,False,False,False,True,0,0.12962161,0
1,0,1,0,44,1,1,84.8,3626.35,True,False,False,False,True,False,False,True,True,False,True,False,False,False,82.41704545454546,False,False,True,False,0,0.33639354,2
1,0,1,1,52,1,1,20.85,1071.6,False,True,True,False,True,False,False,False,False,False,False,False,False,False,20.607692307692307,False,False,False,True,0,0.1087888,0
1,1,1,0,70,1,0,90.05,6333.4,False,False,False,True,True,False,False,True,True,True,True,True,True,True,90.47714285714285,False,False,False,True,0,0.103698224,2
0,0,0,0,1,1,1,25.75,25.75,False,True,False,False,False,False,True,True,False,False,False,False,False,False,25.75,False,False,False,False,0,0.64517605,3
1,0,1,0,61,1,1,94.1,5638.3,True,False,False,True,False,True,False,True,False,True,False,True,True,False,92.43114754098362,False,False,False,True,1,0.52773017,2
1,0,1,1,19,1,1,100.95,1875.55,True,False,True,False,False,True,False,True,False,False,False,True,True,True,98.71315789473684,False,True,False,False,1,0.63020885,1
0,0,1,1,11,1,0,20.6,233.9,False,True,True,False,False,False,True,False,False,False,False,False,False,False,21.263636363636365,True,False,False,False,0,0.13071586,3
1,0,0,0,26,1,1,85.75,2146.5,True,False,False,False,False,True,False,False,False,True,False,False,True,False,82.5576923076923,False,False,True,False,0,0.6135487,1
0,0,0,0,60,1,0,19.85,1128.1,False,True,False,True,False,False,False,False,False,False,False,False,False,False,18.801666666666666,False,False,False,True,0,0.108972706,0
1,0,0,0,1,1,1,84.85,84.85,True,False,False,False,False,True,False,False,False,False,True,False,True,False,84.85,False,False,False,False,1,0.8301203,1
1,0,0,0,26,1,1,92.4,2349.8,True,False,False,False,True,False,False,True,True,True,False,False,True,False,90.37692307692308,False,False,True,False,0,0.43518877,1
1,1,0,0,24,1,1,80.5,2088.45,True,False,False,False,False,True,False,True,False,True,False,False,False,False,87.01875,False,True,False,False,0,0.7179043,1
1,0,1,1,22,1,1,100.05,2090.25,True,False,True,False,False,False,True,False,False,True,True,False,True,True,95.01136363636364,False,True,False,False,0,0.45112365,1
0,0,1,0,51,1,1,98.85,4947.55,True,False,True,False,False,True,False,True,False,False,True,False,True,True,97.0107843137255,False,False,False,True,0,0.7081496,2
1,1,1,0,61,1,1,85.55,5251.75,True,False,True,False,False,False,False,True,False,True,False,True,False,False,86.09426229508196,False,False,False,True,0,0.16184254,2
1,0,1,0,44,0,0,54.3,2390.45,False,False,False,True,False,False,False,False,False,True,True,False,True,True,54.32840909090908,False,False,True,False,0,0.15465325,0
0,0,1,1,0,1,0,80.85,0.0,False,False,False,True,False,False,True,False,True,True,True,False,True,True,0.0,False,False,False,False,0,0.19956481,3
0,0,0,0,5,1,1,75.65,399.45,True,False,False,False,False,False,True,False,False,False,False,True,False,False,79.89,False,False,False,False,0,0.6623086,1
0,0,1,0,1,1,0,78.8,78.8,True,False,False,False,False,True,False,False,False,False,False,False,True,False,78.8,False,False,False,False,1,0.8133019,1
1,0,0,0,26,1,0,61.55,1581.95,False,False,True,False,False,True,False,True,True,True,False,False,False,False,60.84423076923077,False,False,True,False,0,0.3369367,1
0,0,0,0,15,1,1,84.35,1302.65,True,False,False,False,True,False,False,True,True,False,True,False,False,False,86.84333333333333,False,True,False,False,0,0.56964594,1
1,0,1,0,4,1,1,80.35,307.4,True,False,False,False,False,True,False,False,False,False,False,False,True,False,76.85,False,False,False,False,1,0.7221389,1
1,0,1,0,12,1,1,84.6,959.9,True,False,False,False,False,True,False,False,True,True,True,False,False,False,79.99166666666666,True,False,False,False,0,0.63611263,1
1,0,0,1,1,1,1,49.9,49.9,False,False,False,False,False,False,True,False,False,False,False,True,False,False,49.9,False,False,False,False,1,0.6004481,3
1,0,1,1,22,1,1,57.95,1271.8,False,False,False,False,False,False,True,False,True,True,False,True,False,False,57.809090909090905,False,True,False,False,0,0.18526551,1
1,0,1,0,49,0,0,49.65,2409.9,False,False,False,True,True,False,False,False,False,True,False,False,True,True,49.18163265306123,False,False,False,True,0,0.14595012,0
1,0,0,0,13,1,0,19.75,265.75,False,True,False,True,False,False,True,False,False,False,False,False,False,False,20.442307692307693,False,True,False,False,0,0.13619448,3
0,0,1,0,66,1,1,90.55,6130.95,True,False,True,False,False,False,False,True,False,True,True,True,False,False,92.89318181818182,False,False,False,True,0,0.1689116,2
1,0,1,0,62,0,1,39.0,2337.45,False,False,False,True,False,False,False,False,False,False,False,True,True,False,37.7008064516129,False,False,False,True,0,0.110480554,0
1,0,1,1,66,1,1,63.3,4189.7,False,False,False,True,False,False,False,True,False,False,True,False,True,False,63.48030303030303,False,False,False,True,0,0.08330576,2
0,0,0,0,3,0,0,35.2,108.95,False,False,False,False,True,False,False,False,False,False,False,False,True,False,36.31666666666667,False,False,False,False,1,0.62474376,3
1,0,0,0,63,1,0,68.8,4111.35,False,False,True,False,False,False,False,True,True,True,True,True,False,False,65.25952380952381,False,False,False,True,0,0.12561157,2
1,0,1,1,15,1,0,19.35,278.85,False,True,False,True,False,False,True,False,False,False,False,False,False,False,18.59,False,True,False,False,0,0.09928143,3
0,0,1,0,43,1,1,94.1,4107.3,True,False,False,False,False,True,False,True,True,True,False,False,False,True,95.51860465116279,False,False,True,False,0,0.62204593,2
1,1,0,0,65,1,1,109.05,7108.2,True,False,False,True,False,True,False,True,True,False,True,True,True,True,109.35692307692307,False,False,False,True,0,0.5503246,2
0,0,0,0,2,1,1,85.7,169.8,True,False,False,False,False,True,False,True,False,False,False,False,False,True,84.9,False,False,False,False,1,0.8407541,1
0,0,0,0,14,1,0,50.1,709.5,False,False,False,False,False,False,False,False,True,False,False,False,False,False,50.67857142857143,False,True,False,False,0,0.29506072,3
0,0,1,1,68,1,1,109.05,7508.55,True,False,False,True,False,False,False,True,True,False,True,True,True,True,110.41985294117647,False,False,False,True,0,0.21729006,2
1,0,0,0,20,1,1,19.6,356.15,False,True,False,False,True,False,False,False,False,False,False,False,False,False,17.807499999999997,False,True,False,False,0,0.19246277,3
0,0,1,1,57,1,0,65.2,3687.85,False,False,False,False,False,False,False,True,True,True,False,True,False,False,64.69912280701755,False,False,False,True,0,0.13445023,2
1,0,0,0,72,1,1,19.8,1468.75,False,True,False,True,True,False,False,False,False,False,False,False,False,False,20.399305555555557,False,False,False,True,0,0.10373195,0
1,0,0,0,6,1,1,84.4,556.35,True,False,False,False,False,True,False,False,False,True,False,False,False,True,92.72500000000001,False,False,False,False,1,0.72968304,1
1,0,0,0,53,1,1,73.9,3958.25,False,False,False,True,False,False,False,True,False,True,True,True,False,True,74.68396226415095,False,False,False,True,0,0.12134647,2
0,0,1,1,57,1,1,70.1,3913.3,False,False,True,False,False,False,False,False,True,False,False,False,True,True,68.65438596491228,False,False,False,True,1,0.15015045,2
1,0,0,0,1,1,1,20.1,20.1,False,True,False,False,False,False,True,False,False,False,False,False,False,False,20.1,False,False,False,False,1,0.62614805,3
1,0,0,0,15,1,1,49.0,749.25,False,False,False,False,False,True,False,True,False,False,False,False,False,False,49.95,False,True,False,False,0,0.5903773,3
0,1,0,0,40,1,1,79.2,3233.85,True,False,False,False,True,False,False,False,True,True,False,False,False,False,80.84625,False,False,True,False,1,0.40885404,1
1,0,0,0,71,0,0,53.95,3888.65,False,False,False,True,False,False,False,False,True,True,True,True,True,False,54.76971830985916,False,False,False,True,0,0.11549506,0
0,1,1,0,13,0,0,45.3,528.45,False,False,False,False,False,True,False,False,False,False,False,False,True,True,40.650000000000006,False,True,False,False,0,0.6293394,3
0,0,1,0,72,1,1,91.15,6637.9,False,False,False,True,False,False,False,True,True,True,True,True,True,True,92.19305555555555,False,False,False,True,0,0.08958516,2
0,0,1,1,52,1,1,95.7,4976.15,True,False,True,False,True,False,False,True,False,True,True,False,True,False,95.6951923076923,False,False,False,True,0,0.23426351,2
0,0,1,0,63,1,1,81.15,5224.5,True,False,True,False,True,False,False,False,True,False,True,False,False,False,82.92857142857143,False,False,False,True,0,0.15204208,2
1,0,0,0,29,1,0,19.1,529.5,False,True,True,False,False,False,True,False,False,False,False,False,False,False,18.25862068965517,False,False,True,False,0,0.12666276,3
0,0,0,0,29,1,0,100.55,2878.75,True,False,False,False,False,False,False,True,False,False,True,False,True,True,99.26724137931035,False,False,True,False,0,0.6046492,1
1,0,0,0,3,1,1,20.75,67.1,False,True,False,False,True,False,False,False,False,False,False,False,False,False,22.366666666666664,False,False,False,False,0,0.41736686,3
1,0,1,1,19,1,0,20.6,414.95,False,True,False,False,False,False,True,False,False,False,False,False,False,False,21.839473684210525,False,True,False,False,0,0.14718893,3
1,0,1,1,61,1,1,99.9,6241.35,True,False,True,False,False,True,False,True,False,False,True,False,True,True,102.31721311475411,False,False,False,True,0,0.40957057,2
0,0,0,0,10,1,0,54.25,583.0,False,False,False,False,False,True,False,False,False,False,True,True,False,False,58.3,True,False,False,False,0,0.51557696,1
0,0,1,0,67,1,1,109.7,7344.45,True,False,True,False,True,False,False,True,False,True,True,True,True,True,109.6186567164179,False,False,False,True,0,0.36805916,2
1,0,0,0,42,1,1,19.55,839.4,False,True,True,False,False,False,True,False,False,False,False,False,False,False,19.985714285714284,False,False,True,False,0,0.12827162,0
0,0,0,0,1,1,1,75.7,75.7,True,False,False,False,False,True,False,False,False,True,False,False,False,False,75.7,False,False,False,False,1,0.83647084,1
0,0,0,0,5,1,1,84.0,424.75,True,False,False,False,False,True,False,True,False,False,False,False,True,False,84.95,False,False,False,False,0,0.8492918,1
0,0,0,0,20,1,0,19.5,403.15,False,True,True,False,False,False,True,False,False,False,False,False,False,False,20.1575,False,True,False,False,0,0.1583165,3
1,1,0,0,1,1,1,69.5,69.5,True,False,False,False,False,False,False,False,False,False,False,False,False,False,69.5,False,False,False,False,1,0.7801312,1
1,0,0,0,6,1,1,78.95,494.95,True,False,False,False,False,True,False,False,True,True,False,False,False,False,82.49166666666666,False,False,False,False,0,0.7193176,1
1,0,0,0,34,1,1,106.35,3549.25,True,False,False,False,False,True,False,True,False,True,True,False,True,True,104.38970588235294,False,False,True,False,1,0.72242767,2
1,0,0,0,21,1,0,19.6,390.4,False,True,False,True,False,False,True,False,False,False,False,False,False,False,18.59047619047619,False,True,False,False,0,0.12948045,3
1,0,0,0,46,1,0,108.65,4903.2,True,False,False,True,False,True,False,True,False,True,True,True,True,True,106.59130434782608,False,False,True,False,0,0.66525924,2
1,0,1,1,34,1,1,97.7,3410.0,True,False,False,False,False,False,False,True,False,True,False,False,True,True,100.29411764705883,False,False,True,False,0,0.46310654,2
1,0,0,1,29,0,1,45.0,1242.45,False,False,False,False,False,False,True,False,True,True,True,True,False,False,42.84310344827586,False,False,True,False,0,0.2153942,3
1,0,1,1,27,1,1,80.65,2209.75,True,False,True,False,True,False,False,False,True,True,False,False,False,False,81.8425925925926,False,False,True,False,0,0.27256814,1
0,0,1,1,72,1,0,89.8,6510.45,False,False,False,True,True,False,False,True,True,True,True,True,True,True,90.42291666666667,False,False,False,True,0,0.08796241,2
0,0,0,0,42,1,0,54.55,2455.05,False,False,False,False,True,False,False,False,True,False,True,False,False,False,58.453571428571436,False,False,True,False,0,0.21807802,0
0,1,0,0,27,1,1,78.05,2135.5,True,False,False,False,False,True,False,True,False,False,True,False,False,False,79.0925925925926,False,False,True,False,1,0.67019933,1
1,0,1,0,66,1,1,66.1,4428.45,False,False,False,True,True,False,False,True,True,True,True,False,False,False,67.09772727272727,False,False,False,True,0,0.09555167,2
0,0,0,0,2,1,1,75.55,166.3,True,False,False,False,False,True,False,True,False,False,False,False,False,False,83.15,False,False,False,False,1,0.82483846,1
1,0,0,0,32,1,1,96.2,3183.4,True,False,False,False,False,True,False,False,False,False,False,True,True,True,99.48125,False,False,True,False,1,0.60416144,1
1,1,0,0,14,1,1,74.95,1036.75,True,False,False,False,False,True,False,True,False,False,False,False,False,False,74.05357142857143,False,True,False,False,1,0.7407652,1
1,0,0,0,19,1,0,89.95,1682.4,True,False,False,False,False,False,True,False,False,False,True,True,True,False,88.54736842105264,False,True,False,False,0,0.37723562,1
1,0,0,1,48,1,1,64.4,3035.35,False,False,True,False,False,False,False,True,True,True,True,False,False,False,63.23645833333333,False,False,True,False,0,0.14141141,0
1,0,0,0,4,1,1,73.9,280.85,True,False,False,False,False,True,False,False,False,False,True,False,False,False,70.2125,False,False,False,False,1,0.72290456,1
1,1,1,0,57,1,1,89.85,4925.35,True,False,False,False,False,True,False,True,False,True,False,False,False,True,86.40964912280702,False,False,False,True,0,0.42221814,2
1,0,1,1,58,1,1,75.2,4300.8,False,False,True,False,True,False,False,False,False,True,False,True,True,True,74.15172413793104,False,False,False,True,0,0.174634,2
0,1,1,0,56,1,1,68.45,4014.0,False,False,True,False,True,False,False,True,True,True,True,True,False,False,71.67857142857143,False,False,False,True,0,0.12909678,2
0,0,1,1,69,1,0,19.75,1375.4,False,True,False,True,False,False,False,False,False,False,False,False,False,False,19.933333333333334,False,False,False,True,0,0.08510725,0
1,0,1,1,10,0,0,53.7,521.0,False,False,False,True,True,False,False,False,True,True,True,True,False,True,52.1,True,False,False,False,0,0.15140165,3
0,0,1,1,3,1,1,80.0,241.3,True,False,False,False,False,True,False,False,False,True,False,True,False,False,80.43333333333334,False,False,False,False,0,0.6701996,1
1,0,0,0,35,1,0,26.2,954.9,False,True,True,False,False,False,False,True,False,False,False,False,False,False,27.282857142857143,False,False,True,False,0,0.14908484,0
0,0,1,1,11,1,1,19.25,180.3,False,True,False,False,False,False,True,False,False,False,False,False,False,False,16.39090909090909,True,False,False,False,1,0.16290374,3
1,0,1,0,56,1,1,100.55,5514.95,True,False,True,False,False,True,False,True,True,False,False,False,True,True,98.48125,False,False,False,True,0,0.63644844,2
1,0,1,1,51,1,1,24.95,1222.25,False,True,False,True,False,False,True,True,False,False,False,False,False,False,23.965686274509803,False,False,False,True,0,0.08789283,0
1,1,0,0,36,1,1,90.85,3186.7,True,False,False,False,False,True,False,True,True,False,False,False,True,False,88.51944444444445,False,False,True,False,1,0.6749834,1
1,0,0,1,5,1,0,20.45,106.9,False,True,False,True,False,False,True,False,False,False,False,False,False,False,21.380000000000003,False,False,False,False,0,0.17007872,3
1,0,1,1,1,1,0,20.4,20.4,False,True,True,False,False,False,True,False,False,False,False,False,False,False,20.4,False,False,False,False,0,0.42563325,3
1,1,1,0,7,1,1,74.4,527.9,True,False,False,False,False,False,True,True,False,False,False,False,False,False,75.41428571428571,True,False,False,False,1,0.6976846,1
1,0,1,0,69,1,1,53.65,3804.4,False,False,True,False,True,False,False,False,True,True,False,False,False,False,55.13623188405797,False,False,False,True,0,0.11487777,0
1,0,1,1,22,1,1,67.5,1544.05,False,False,True,False,False,False,False,False,True,False,True,True,True,False,70.18409090909091,False,True,False,False,1,0.16506256,1
0,0,0,0,63,1,0,24.2,1618.2,False,True,False,True,False,False,True,True,False,False,False,False,False,False,25.685714285714287,False,False,False,True,0,0.0990895,0
0,0,1,1,55,1,1,75.75,4264.25,False,False,True,False,False,False,False,True,True,True,False,True,False,True,77.53181818181818,False,False,False,True,0,0.15960416,2
0,0,0,0,3,1,0,57.55,161.45,False,False,False,False,False,True,False,False,False,False,True,False,True,False,53.81666666666666,False,False,False,False,0,0.67935085,3
1,0,1,1,67,1,0,81.35,5398.6,False,False,False,True,True,False,False,False,True,True,True,False,True,True,80.57611940298509,False,False,False,True,0,0.09135861,2
0,0,0,0,3,0,0,25.25,58.9,False,False,False,False,False,True,False,False,False,False,False,False,False,False,19.633333333333333,False,False,False,False,1,0.7372081,3
1,0,0,0,1,1,0,19.75,19.75,False,True,False,False,False,False,True,False,False,False,False,False,False,False,19.75,False,False,False,False,0,0.62614805,3
1,0,0,0,16,1,1,89.05,1448.6,True,False,False,False,True,False,False,True,False,False,False,True,False,True,90.5375,False,True,False,False,1,0.55710214,1
1,0,0,1,62,1,1,104.05,6590.5,True,False,False,True,False,True,False,True,False,False,True,True,True,True,106.29838709677419,False,False,False,True,0,0.36693293,2
0,0,0,0,8,1,1,65.5,573.15,False,False,False,False,False,False,False,True,True,True,True,False,False,False,71.64375,True,False,False,False,0,0.33806857,1
1,0,0,1,9,1,0,20.1,190.25,False,True,True,False,False,False,True,False,False,False,False,False,False,False,21.13888888888889,True,False,False,False,0,0.15072583,3
0,0,1,0,6,1,0,19.5,146.3,False,True,False,False,False,False,False,False,False,False,False,False,False,False,24.383333333333336,False,False,False,False,1,0.26866695,3
0,0,0,0,28,1,0,59.0,1654.45,False,False,True,False,False,False,True,True,True,False,True,False,False,False,59.0875,False,False,True,False,0,0.149418,1
1,0,0,0,26,1,0,19.4,525.55,False,True,True,False,False,False,True,False,False,False,False,False,False,False,20.213461538461537,False,False,True,False,0,0.13402343,3
1,0,1,1,38,1,1,101.15,3956.7,True,False,False,False,True,False,False,True,False,False,True,False,True,True,104.1236842105263,False,False,True,False,0,0.43489847,2
0,0,0,0,18,1,1,50.3,913.3,False,False,False,False,False,True,False,True,False,False,False,False,False,False,50.73888888888889,False,True,False,False,0,0.53347033,3
0,0,1,1,3,0,1,31.0,95.05,False,False,False,False,False,False,True,False,False,False,False,True,False,False,31.683333333333334,False,False,False,False,1,0.46124685,3
1,0,1,0,3,0,0,25.0,78.25,False,False,False,False,False,False,True,False,False,False,False,False,False,False,26.083333333333332,False,False,False,False,0,0.51588064,3
1,0,1,0,70,1,0,72.95,5265.55,False,False,False,True,False,False,False,True,False,True,True,True,True,False,75.22214285714286,False,False,False,True,0,0.094459325,2
1,0,1,1,67,1,1,69.35,4653.25,False,False,True,False,True,False,False,True,True,True,True,True,False,False,69.45149253731343,False,False,False,True,0,0.11316644,2
1,0,0,1,71,1,0,24.35,1654.6,False,True,False,True,False,False,True,True,False,False,False,False,False,False,23.304225352112674,False,False,False,True,0,0.09113424,0
1,0,0,1,16,1,1,69.1,1083.7,False,False,False,False,False,True,False,True,True,True,False,False,False,True,67.73125,False,True,False,False,0,0.3907292,1
0,0,1,1,10,1,1,65.5,616.9,False,False,False,False,False,True,False,False,False,True,False,True,False,True,61.69,True,False,False,False,0,0.30996296,1
1,0,0,0,1,1,1,90.85,90.85,True,False,False,False,True,False,False,True,False,True,False,False,False,True,90.85,False,False,False,False,1,0.7818729,1
1,0,1,1,12,1,1,56.3,628.65,False,False,False,False,False,False,True,False,False,False,False,False,True,False,52.387499999999996,True,False,False,False,0,0.20500971,3
0,0,0,0,5,1,0,53.85,259.8,False,False,False,False,True,False,False,False,True,False,False,True,False,False,51.96,False,False,False,False,1,0.4723043,3
0,1,1,0,40,1,1,99.2,4062.2,True,False,True,False,True,False,False,False,False,True,False,True,True,True,101.55499999999999,False,False,True,False,1,0.36195517,2
1,1,1,0,21,1,1,64.95,1339.8,False,False,False,False,False,False,False,False,True,True,False,False,False,True,63.8,False,True,False,False,0,0.22430661,1
1,0,0,0,9,1,1,68.25,576.95,False,False,False,False,False,False,False,False,True,False,True,True,False,True,64.10555555555555,True,False,False,False,0,0.3014016,1
0,0,1,0,7,1,1,50.3,355.1,False,False,False,False,False,False,False,False,True,False,False,False,False,False,50.728571428571435,True,False,False,False,0,0.32904455,3
0,0,0,0,38,1,0,20.05,678.2,False,True,True,False,False,False,True,False,False,False,False,False,False,False,17.847368421052632,False,False,True,False,0,0.12566409,0
1,0,0,0,1,1,1,50.5,50.5,False,False,False,False,False,True,False,False,False,False,True,False,False,False,50.5,False,False,False,False,1,0.7178701,3
1,0,0,0,7,1,1,74.9,490.55,True,False,False,False,False,True,False,False,False,False,True,False,False,False,70.07857142857144,True,False,False,False,0,0.71740973,1
0,0,0,0,2,1,1,70.95,137.95,True,False,False,False,False,True,False,False,False,False,False,False,False,False,68.975,False,False,False,False,1,0.7556098,1
0,0,0,0,56,1,1,19.55,1080.55,False,True,False,True,False,False,False,False,False,False,False,False,False,False,19.295535714285712,False,False,False,True,0,0.12665384,0
0,0,1,0,6,1,0,50.35,314.55,False,False,False,False,False,True,False,True,False,False,False,False,False,False,52.425000000000004,False,False,False,False,0,0.58119637,3
0,0,0,0,63,1,0,58.55,3503.5,False,False,True,False,True,False,False,False,False,False,True,False,False,True,55.611111111111114,False,False,False,True,0,0.19485472,0
0,0,0,0,64,1,1,110.5,7069.25,True,False,False,True,True,False,False,True,False,True,True,True,True,True,110.45703125,False,False,False,True,0,0.3183363,2
1,0,1,0,29,0,1,45.9,1332.4,False,False,False,False,False,True,False,False,False,False,False,False,True,True,45.9448275862069,False,False,True,False,0,0.40626082,3
1,0,0,0,32,1,1,85.65,2664.3,True,False,False,False,False,False,False,True,False,False,False,False,False,True,83.259375,False,False,True,False,0,0.50105226,1
0,1,0,0,2,1,1,84.05,186.05,True,False,False,False,False,True,False,True,False,False,False,False,False,True,93.025,False,False,False,False,0,0.8394255,1
1,0,1,0,60,1,1,94.4,5610.25,True,False,True,False,False,True,False,False,False,True,False,False,True,True,93.50416666666666,False,False,False,True,1,0.48239344,2
1,0,0,0,22,1,0,65.05,1427.55,False,False,False,False,False,False,True,True,True,True,True,False,False,False,64.88863636363637,False,True,False,False,0,0.2400995,1
1,0,0,0,11,0,1,35.65,425.1,False,False,False,False,False,True,False,False,False,True,False,True,False,False,38.64545454545455,True,False,False,False,0,0.5992332,3
1,1,1,0,57,1,1,90.65,5199.8,True,False,True,False,False,True,False,False,False,True,True,False,True,False,91.22456140350877,False,False,False,True,0,0.42644143,2
1,0,0,0,1,1,1,44.15,44.15,False,False,False,False,False,False,True,False,False,False,False,False,False,False,44.15,False,False,False,False,1,0.65921426,3
0,0,0,0,62,1,1,19.2,1123.65,False,True,False,True,True,False,False,False,False,False,False,False,False,False,18.123387096774195,False,False,False,True,0,0.12648734,0
0,0,1,0,47,1,1,98.75,4533.7,True,False,False,False,False,True,False,True,True,True,True,False,True,False,96.46170212765956,False,False,True,False,1,0.67640895,2
0,0,1,1,61,1,0,88.1,5526.75,False,False,False,True,False,False,True,True,True,True,True,True,True,True,90.60245901639344,False,False,False,True,0,0.0901548,2
0,0,0,0,3,1,1,70.15,194.2,True,False,False,False,False,True,False,False,False,False,False,False,False,False,64.73333333333333,False,False,False,False,0,0.7458959,1
1,0,1,1,64,1,0,81.05,5135.35,True,False,False,False,False,True,False,False,True,True,False,False,False,False,80.23984375,False,False,False,True,0,0.23463042,2
0,0,1,1,6,1,1,94.05,518.75,True,False,False,False,False,False,True,True,False,True,True,False,True,False,86.45833333333333,False,False,False,False,0,0.74707067,1
0,0,1,1,56,1,0,20.05,1090.1,False,True,False,True,False,False,True,False,False,False,False,False,False,False,19.46607142857143,False,False,False,True,0,0.08974543,0
0,0,1,1,27,1,0,49.85,1336.15,False,False,False,False,False,False,True,False,False,True,False,False,False,False,49.48703703703704,False,False,True,False,0,0.16136803,3
0,0,1,0,46,0,0,45.55,2062.15,False,False,False,False,False,True,False,False,True,True,False,False,True,False,44.82934782608696,False,False,True,False,0,0.39389157,0
1,1,0,0,1,1,0,45.1,45.1,False,False,False,False,False,True,False,False,False,False,False,False,False,False,45.1,False,False,False,False,1,0.723961,3
1,0,0,0,11,1,0,20.4,231.45,False,True,False,True,False,False,True,False,False,False,False,False,False,False,21.04090909090909,True,False,False,False,0,0.12851347,3
1,0,1,0,32,1,1,98.85,3145.9,True,False,False,False,True,False,False,True,False,True,False,False,True,True,98.309375,False,False,True,False,0,0.5144541,1
1,0,0,0,4,1,0,77.85,299.2,True,False,False,False,False,True,False,False,False,False,False,False,True,False,74.8,False,False,False,False,1,0.7644452,1
1,0,0,0,24,1,1,55.65,1400.55,False,False,False,False,False,False,False,True,True,False,False,False,False,False,58.356249999999996,False,True,False,False,1,0.20319222,1
1,0,0,0,35,1,1,108.95,4025.5,True,False,False,True,False,True,False,True,True,False,True,True,True,True,115.01428571428572,False,False,True,False,0,0.6507582,2
0,0,0,1,46,1,1,105.2,4822.85,True,False,True,False,False,False,False,False,True,True,False,True,True,True,104.8445652173913,False,False,True,False,1,0.34561488,2
1,0,1,1,1,1,1,70.0,70.0,True,False,False,False,False,True,False,False,False,False,False,False,False,False,70.0,False,False,False,False,1,0.75154334,1
0,0,1,0,72,1,1,110.15,7881.2,True,False,False,True,True,False,False,True,True,False,True,True,True,True,109.46111111111111,False,False,False,True,0,0.13773793,2
0,1,1,0,63,1,1,103.5,6479.4,True,False,False,False,False,True,False,True,False,True,True,False,True,True,102.84761904761905,False,False,False,True,0,0.57840216,2
0,0,1,0,21,1,1,86.5,1808.7,True,False,False,False,False,True,False,True,False,False,False,False,False,True,86.12857142857143,False,True,False,False,1,0.74599826,1
1,0,1,1,37,0,1,40.2,1525.35,False,False,True,False,False,True,False,False,True,False,True,True,False,False,41.225675675675674,False,False,True,False,0,0.21439655,0
1,0,0,0,55,1,1,100.9,5552.05,True,False,True,False,False,False,True,False,True,True,False,False,True,True,100.94636363636364,False,False,False,True,0,0.3642045,2
1,0,1,0,14,1,1,66.6,979.5,False,False,False,False,True,False,False,True,False,False,False,True,True,False,69.96428571428571,False,True,False,False,0,0.2626492,1
1,0,1,1,53,1,0,71.85,3827.9,False,False,False,False,False,True,False,True,True,False,False,True,False,True,72.22452830188679,False,False,False,True,0,0.17770019,2
0,0,1,1,50,1,1,84.15,4164.4,False,False,True,False,True,False,False,True,False,True,True,True,True,True,83.288,False,False,False,True,0,0.18697841,2
1,1,1,0,38,1,1,102.6,4009.2,True,False,False,False,False,True,False,True,False,True,True,False,True,True,105.50526315789473,False,False,True,False,0,0.6933804,2
0,1,0,0,30,1,1,99.7,2967.35,True,False,False,False,False,True,False,True,False,True,False,False,True,True,98.91166666666666,False,False,True,False,1,0.77409554,1
0,0,0,0,28,1,1,59.9,1654.7,False,False,True,False,False,True,False,False,True,True,False,True,False,False,59.096428571428575,False,False,True,False,0,0.24831158,1
1,1,1,0,46,0,1,59.9,2816.65,False,False,True,False,False,False,False,False,False,True,True,True,True,True,61.231521739130436,False,False,True,False,1,0.2439698,0
0,0,0,0,67,1,0,20.55,1343.4,False,True,True,False,False,True,False,False,False,False,False,False,False,False,20.050746268656717,False,False,False,True,0,0.19075279,0
0,0,0,0,1,1,0,45.95,45.95,False,False,False,False,False,False,True,False,False,False,False,False,False,False,45.95,False,False,False,False,1,0.68359,3
1,0,1,0,50,1,0,19.8,1013.2,False,True,False,True,False,True,False,False,False,False,False,False,False,False,20.264,False,False,False,True,0,0.18884897,0
0,0,1,0,56,1,1,98.0,5270.6,True,False,True,False,False,True,False,True,True,False,False,False,True,True,94.11785714285715,False,False,False,True,0,0.63875866,2
1,0,0,0,1,1,0,19.95,19.95,False,True,False,False,False,False,True,False,False,False,False,False,False,False,19.95,False,False,False,False,0,0.62614805,3
1,0,1,0,3,0,0,35.1,101.1,False,False,False,False,False,False,True,False,True,False,False,True,False,False,33.699999999999996,False,False,False,False,0,0.5159125,3
0,0,1,0,72,1,1,109.55,8165.1,True,False,False,True,False,True,False,True,True,True,True,False,True,True,113.40416666666667,False,False,False,True,0,0.2726783,2
0,0,0,0,48,1,1,60.35,2896.4,False,False,True,False,True,False,False,False,True,False,True,True,False,False,60.34166666666667,False,False,True,False,1,0.1539023,0
1,0,0,0,9,0,0,39.55,373.0,False,False,True,False,False,False,True,False,True,True,True,False,False,False,41.44444444444444,True,False,False,False,0,0.3401388,3
1,0,0,0,19,1,0,69.6,1394.55,False,False,False,False,False,False,True,True,False,False,False,False,True,True,73.39736842105263,False,True,False,False,0,0.31862596,1
1,0,1,1,46,1,0,81.0,3846.35,False,False,False,True,False,False,True,False,True,False,True,True,True,True,83.61630434782609,False,False,True,False,0,0.103782505,2
1,0,1,0,56,1,1,107.25,6033.3,True,False,True,False,False,True,False,True,False,True,False,True,True,True,107.7375,False,False,False,True,0,0.611742,2
1,0,0,0,35,1,0,83.15,2848.45,True,False,False,False,False,True,False,True,False,False,False,False,True,False,81.38428571428571,False,False,True,False,0,0.7305784,1
0,0,0,0,25,1,0,19.8,475.2,False,True,False,True,True,False,False,False,False,False,False,False,False,False,19.008,False,False,True,False,0,0.14322245,3
0,0,0,0,21,1,1,68.65,1493.2,True,False,False,False,False,True,False,False,False,False,False,False,False,False,71.1047619047619,False,True,False,False,0,0.68876785,1
1,0,1,1,71,1,0,25.35,1847.55,False,True,False,True,True,False,False,True,False,False,False,False,False,False,26.021830985915493,False,False,False,True,0,0.08438095,0
0,0,1,0,1,1,1,79.35,79.35,True,False,False,False,False,False,False,False,False,False,False,False,True,False,79.35,False,False,False,False,1,0.7697685,1
0,0,0,0,62,1,0,84.5,5193.2,False,False,False,True,False,False,False,True,False,True,True,True,True,True,83.76129032258065,False,False,False,True,0,0.114402995,2
1,0,1,1,53,1,1,78.75,3942.45,False,False,True,False,False,False,True,True,False,False,True,True,True,True,74.38584905660377,False,False,False,True,0,0.17703067,2
0,0,0,0,2,1,1,74.9,136.05,True,False,False,False,False,False,True,True,False,False,False,False,False,False,68.025,False,False,False,False,0,0.7882537,1
1,1,1,0,72,1,1,93.05,6735.05,True,False,False,True,False,False,False,True,True,True,True,True,False,False,93.54236111111112,False,False,False,True,0,0.10340469,2
0,0,1,0,24,1,1,79.65,1928.7,True,False,False,False,False,False,True,True,False,False,True,False,False,False,80.3625,False,True,False,False,0,0.46353728,1
1,0,0,0,41,1,1,55.7,2237.55,False,False,False,False,False,False,False,True,False,False,True,False,False,False,54.57439024390244,False,False,True,False,0,0.18753967,0
0,0,0,1,2,1,1,94.2,193.8,True,False,False,False,False,False,False,True,False,False,False,False,True,True,96.9,False,False,False,False,1,0.7706818,1
1,0,0,0,2,1,1,67.75,116.65,True,False,False,False,False,True,False,False,False,False,False,False,False,False,58.325,False,False,False,False,1,0.75952196,1
1,1,1,0,27,1,1,95.55,2510.2,True,False,False,False,False,True,False,True,False,True,True,False,False,True,92.97037037037036,False,False,True,False,1,0.6435635,1
1,1,1,0,53,1,1,101.9,5549.4,True,False,False,False,False,True,False,True,False,True,False,False,True,True,104.70566037735848,False,False,False,True,1,0.6532449,2
0,0,0,0,34,1,1,64.4,2088.75,False,False,True,False,False,False,True,True,True,True,False,True,False,False,61.43382352941177,False,False,True,False,1,0.15561303,1
1,0,0,0,1,1,1,85.0,85.0,True,False,False,False,False,True,False,False,False,True,False,False,False,True,85.0,False,False,False,False,0,0.8238535,1
0,0,1,1,48,1,0,19.55,883.35,False,True,False,True,False,False,True,False,False,False,False,False,False,False,18.403125,False,False,True,False,0,0.097924896,0
0,1,0,0,3,1,1,75.05,256.25,True,False,False,False,True,False,False,True,False,False,False,False,False,False,85.41666666666667,False,False,False,False,1,0.75631744,1
0,0,1,1,71,1,0,64.05,4492.9,False,False,False,True,True,False,False,False,True,True,True,True,False,False,63.28028169014084,False,False,False,True,0,0.08506738,2
1,0,0,0,24,1,1,85.95,2107.15,True,False,False,False,False,True,False,False,False,True,True,True,False,False,87.79791666666667,False,True,False,False,0,0.58824486,1
0,1,1,0,5,1,0,70.05,302.6,True,False,False,False,False,True,False,False,False,False,False,False,False,False,60.52,False,False,False,False,0,0.68509007,1
0,1,0,0,8,1,1,75.75,606.25,True,False,False,False,False,True,False,True,False,False,False,False,False,False,75.78125,True,False,False,False,1,0.8062657,1
1,0,0,0,15,1,1,19.8,309.4,False,True,False,False,False,False,True,False,False,False,False,False,False,False,20.626666666666665,False,True,False,False,0,0.21179348,3
1,1,0,0,2,1,1,74.7,165.4,True,False,False,False,False,True,False,False,False,True,False,False,False,False,82.7,False,False,False,False,1,0.72859395,1
0,0,1,1,13,1,1,25.0,332.5,False,True,False,True,False,False,False,True,False,False,False,False,False,False,25.576923076923077,False,True,False,False,0,0.10450925,3
0,1,1,0,17,1,1,85.35,1463.45,True,False,False,False,False,False,False,True,True,False,True,False,False,False,86.08529411764707,False,True,False,False,1,0.48218438,1
1,0,1,0,24,1,1,58.35,1346.9,False,False,True,False,False,True,False,True,True,False,False,True,False,False,56.12083333333334,False,True,False,False,0,0.36634853,1
0,0,1,1,50,1,0,20.55,1070.25,False,True,False,True,True,False,False,False,False,False,False,False,False,False,21.405,False,False,False,True,0,0.09233763,0
1,0,0,0,57,1,1,74.35,4317.35,False,False,False,True,False,False,False,False,True,False,True,False,True,True,75.74298245614035,False,False,False,True,0,0.11395673,2
0,1,0,0,3,0,0,25.3,77.75,False,False,False,False,False,True,False,False,False,False,False,False,False,False,25.916666666666668,False,False,False,False,1,0.73824054,3
1,0,0,0,37,1,1,91.15,3369.25,True,False,False,False,False,True,False,True,True,False,False,False,True,False,91.0608108108108,False,False,True,False,0,0.6985078,2
0,0,1,0,71,1,0,25.6,1888.25,False,True,False,True,True,False,False,True,False,False,False,False,False,False,26.595070422535212,False,False,False,True,0,0.09164282,0
1,0,1,1,72,1,1,66.5,4811.6,False,False,False,True,True,False,False,True,True,False,True,True,False,False,66.82777777777778,False,False,False,True,0,0.09005022,2
1,0,0,1,52,1,0,25.6,1334.5,False,True,False,True,True,False,False,True,False,False,False,False,False,False,25.66346153846154,False,False,False,True,0,0.10774157,0
1,0,0,0,4,1,1,19.85,63.0,False,True,False,False,False,True,False,False,False,False,False,False,False,False,15.75,False,False,False,False,0,0.48605555,3
1,0,0,0,9,1,1,69.5,653.25,False,False,False,False,False,False,True,False,True,False,True,True,True,False,72.58333333333333,True,False,False,False,0,0.32155114,1
1,1,1,0,7,1,1,74.85,485.25,True,False,False,False,False,True,False,True,False,False,False,False,False,False,69.32142857142857,True,False,False,False,0,0.7640531,1
0,0,1,1,48,1,1,70.1,3238.4,False,False,False,True,True,False,False,False,True,True,True,False,False,True,67.46666666666667,False,False,True,False,0,0.10931364,2
0,0,1,0,47,1,1,58.6,2723.4,False,False,False,False,False,False,False,False,False,True,False,False,True,False,57.94468085106383,False,False,True,False,0,0.18313546,0
0,1,0,0,4,1,0,72.75,317.75,True,False,False,False,False,True,False,False,False,True,False,False,False,False,79.4375,False,False,False,False,0,0.7404089,1
0,0,0,0,47,1,1,103.7,4730.6,True,False,True,False,False,True,False,False,True,False,True,True,True,True,100.65106382978725,False,False,True,False,0,0.5634089,2
1,0,1,0,24,0,0,29.1,688.0,False,False,False,False,False,True,False,False,False,False,True,False,False,False,28.666666666666668,False,True,False,False,0,0.5368886,3
0,0,0,0,1,1,1,50.45,50.45,False,False,False,False,False,False,True,False,False,False,True,False,False,False,50.45,False,False,False,False,1,0.6825472,3
1,0,0,0,1,0,1,44.65,44.65,False,False,False,False,False,False,True,False,False,True,False,True,False,True,44.65,False,False,False,False,1,0.6700931,3
0,0,1,1,1,1,0,19.25,19.25,False,True,False,False,False,True,False,False,False,False,False,False,False,False,19.25,False,False,False,False,0,0.47520792,3
1,0,0,0,48,1,1,108.1,5067.45,True,False,False,True,False,False,False,True,False,True,True,False,True,True,105.57187499999999,False,False,True,False,0,0.39702824,2
1,0,0,0,27,1,0,20.1,562.6,False,True,True,False,False,False,False,False,False,False,False,False,False,False,20.83703703703704,False,False,True,False,0,0.12935205,3
0,0,1,0,60,1,0,59.85,3483.45,False,False,False,True,False,False,False,False,True,True,False,True,False,False,58.0575,False,False,False,True,0,0.088629104,0
0,0,0,0,26,1,1,56.05,1553.2,False,False,True,False,False,False,True,False,False,True,True,False,False,False,59.73846153846154,False,False,True,False,0,0.16628431,1
0,1,0,0,51,1,0,19.6,967.9,False,True,False,True,True,False,False,False,False,False,False,False,False,False,18.978431372549018,False,False,False,True,0,0.13050374,0
0,0,0,0,4,1,1,79.0,303.15,True,False,False,False,False,True,False,False,False,False,False,False,True,False,75.7875,False,False,False,False,1,0.7884282,1
0,1,0,0,26,1,1,66.05,1652.4,False,False,False,False,False,True,False,True,False,False,False,True,False,True,63.55384615384616,False,False,True,False,0,0.34561065,1
0,0,0,0,41,1,1,106.5,4282.4,True,False,False,False,False,True,False,True,True,True,True,True,True,False,104.44878048780487,False,False,True,False,0,0.69511956,2
0,0,1,0,68,1,0,114.9,7843.55,True,False,False,True,False,False,False,True,True,True,True,True,True,True,115.34632352941176,False,False,False,True,0,0.2929599,2
1,0,1,1,45,1,0,54.65,2553.7,False,False,False,True,False,False,False,False,True,False,False,True,False,False,56.748888888888885,False,False,True,False,0,0.09684844,0
0,0,1,1,22,1,1,69.5,1498.2,False,False,True,False,False,False,False,False,False,True,False,False,True,True,68.10000000000001,False,True,False,False,1,0.22832969,1
1,0,0,0,12,1,1,79.95,1043.4,True,False,False,False,False,False,False,False,False,False,False,False,False,True,86.95,True,False,False,False,0,0.55740535,1
0,0,0,0,1,1,0,43.95,43.95,False,False,False,False,True,False,False,False,False,False,False,False,False,False,43.95,False,False,False,False,0,0.62467927,3
1,0,0,0,7,1,1,94.1,701.3,True,False,False,False,False,True,False,True,False,False,False,False,True,True,100.18571428571428,True,False,False,False,0,0.8461354,1
0,0,0,0,1,1,1,20.2,20.2,False,True,False,False,False,False,False,False,False,False,False,False,False,False,20.2,False,False,False,False,1,0.548962,3
0,0,0,0,13,0,1,23.9,300.8,False,False,False,False,False,True,False,False,False,False,False,False,False,False,23.138461538461538,False,True,False,False,1,0.6172424,3
1,0,0,0,51,1,0,20.45,1042.65,False,True,False,True,False,False,True,False,False,False,False,False,False,False,20.444117647058825,False,False,False,True,0,0.109937295,0
1,0,1,1,4,1,0,44.8,169.65,False,False,False,False,False,True,False,False,False,False,False,False,False,False,42.4125,False,False,False,False,0,0.47848523,3
1,0,0,0,26,1,1,84.3,2281.6,True,False,False,False,False,False,True,True,False,False,True,True,False,False,87.75384615384615,False,False,True,False,0,0.3854529,1
0,0,0,0,24,1,1,88.95,2072.75,True,False,False,False,True,False,False,True,False,False,True,False,True,False,86.36458333333333,False,True,False,False,0,0.5293968,1
0,1,1,0,61,1,1,94.2,5895.45,True,False,False,False,True,False,False,True,True,True,True,True,False,False,96.6467213114754,False,False,False,True,0,0.23399389,2
0,0,0,0,72,1,1,114.9,8496.7,True,False,False,True,False,True,False,True,True,True,True,True,True,True,118.00972222222224,False,False,False,True,0,0.33341005,2
0,0,0,0,55,1,1,84.25,4589.85,True,False,True,False,True,False,False,True,True,False,True,False,False,False,83.45181818181818,False,False,False,True,0,0.1935091,2
1,0,0,0,12,1,0,81.7,858.6,True,False,False,False,False,False,False,False,True,False,True,False,False,False,71.55,True,False,False,False,1,0.4569234,1
1,0,1,1,64,1,0,93.4,5822.3,True,False,False,True,False,False,False,True,True,False,True,False,False,True,90.9734375,False,False,False,True,0,0.15380159,2
0,1,0,0,37,1,1,96.55,3580.3,True,False,False,False,False,True,False,True,False,False,False,False,True,True,96.76486486486488,False,False,True,False,1,0.73390734,2
1,0,1,0,72,1,1,88.7,6301.7,False,False,False,True,True,False,False,True,True,True,True,True,True,True,87.52361111111111,False,False,False,True,0,0.09463267,2
1,0,0,0,11,1,0,19.5,226.8,False,True,True,False,False,False,True,False,False,False,False,False,False,False,20.61818181818182,True,False,False,False,0,0.16442175,3
0,1,1,0,52,1,1,109.1,5647.95,True,False,False,False,False,True,False,True,True,True,True,False,True,True,108.61442307692307,False,False,False,True,0,0.6423689,2
0,0,1,1,58,1,1,44.1,2413.05,False,False,True,False,False,False,True,False,False,False,False,False,False,False,41.60431034482759,False,False,False,True,0,0.10268225,0
0,0,0,0,4,1,0,55.2,220.65,False,False,False,False,False,True,False,False,True,True,False,False,False,False,55.1625,False,False,False,False,0,0.6598414,3
0,0,1,1,38,1,0,20.3,749.35,False,True,True,False,False,False,True,False,False,False,False,False,False,False,19.719736842105263,False,False,True,False,0,0.10589347,0
1,0,0,1,3,1,0,20.85,60.65,False,True,False,False,False,False,True,False,False,False,False,False,False,False,20.216666666666665,False,False,False,False,0,0.34335563,3
1,0,0,0,62,1,1,92.3,5731.45,True,False,True,False,False,False,False,True,True,True,False,False,False,True,92.44274193548387,False,False,False,True,0,0.2976021,2
0,0,0,0,8,1,0,54.25,447.75,False,False,True,False,False,False,False,False,True,False,False,True,False,False,55.96875,True,False,False,False,0,0.2698392,3
1,0,1,1,16,1,0,19.75,313.4,False,True,False,False,False,True,False,False,False,False,False,False,False,False,19.5875,False,True,False,False,0,0.2497345,3
1,0,0,0,8,1,0,43.55,335.4,False,False,False,False,False,False,True,False,False,False,False,False,False,False,41.925,True,False,False,False,0,0.31389916,3
1,0,0,0,1,1,0,19.8,19.8,False,True,False,False,False,False,True,False,False,False,False,False,False,False,19.8,False,False,False,False,1,0.62614805,3
1,0,1,1,52,0,0,50.2,2554.0,False,False,False,True,False,False,True,False,False,True,True,True,True,False,49.11538461538461,False,False,False,True,0,0.10600162,0
0,0,1,0,72,1,1,26.0,1776.0,False,True,False,True,False,False,True,True,False,False,False,False,False,False,24.666666666666668,False,False,False,True,0,0.0847122,0
1,1,0,0,16,1,0,69.65,1043.3,True,False,False,False,False,True,False,False,False,False,False,False,False,False,65.20625,False,True,False,False,0,0.63474584,1
1,0,0,0,18,1,1,89.6,1633.0,True,False,True,False,True,False,False,True,False,False,True,False,True,False,90.72222222222223,False,True,False,False,0,0.35742977,1
1,0,0,0,1,1,0,20.25,20.25,False,True,False,False,False,False,True,False,False,False,False,False,False,False,20.25,False,False,False,False,1,0.6000458,3
1,0,1,1,72,1,1,75.4,5480.25,False,False,False,True,False,False,False,False,False,True,True,False,True,True,76.11458333333333,False,False,False,True,0,0.08690082,2
0,0,1,0,49,1,0,20.7,1032.05,False,True,True,False,True,False,False,False,False,False,False,False,False,False,21.062244897959182,False,False,False,True,0,0.120543405,0
1,0,0,0,1,1,0,44.0,44.0,False,False,False,False,False,True,False,False,False,False,False,False,False,False,44.0,False,False,False,False,0,0.7084903,3
0,0,1,0,51,1,1,93.5,4619.55,True,False,True,False,False,True,False,False,True,True,True,False,True,False,90.57941176470588,False,False,False,True,0,0.4930365,2
1,1,1,0,72,1,1,97.25,7133.1,True,False,True,False,True,False,False,True,False,True,False,False,True,True,99.07083333333334,False,False,False,True,0,0.22770543,2
1,1,1,0,72,1,0,77.35,5396.25,False,False,False,True,True,False,False,True,False,True,True,True,True,False,74.94791666666667,False,False,False,True,0,0.09637864,2
0,0,0,0,16,1,0,19.05,326.65,False,True,True,False,False,False,True,False,False,False,False,False,False,False,20.415625,False,True,False,False,0,0.1653339,3
1,0,1,1,16,1,0,84.9,1398.25,False,False,False,False,False,True,False,True,True,True,False,True,True,True,87.390625,False,True,False,False,0,0.3767797,1
1,0,0,0,1,1,0,19.65,19.65,False,True,False,False,False,False,False,False,False,False,False,False,False,False,19.65,False,False,False,False,0,0.5397169,3
1,0,1,0,10,1,1,85.6,813.85,True,False,False,False,False,True,False,True,False,False,False,False,True,False,81.385,True,False,False,False,1,0.78385633,1
0,0,1,0,57,1,1,100.75,5985.0,True,False,True,False,True,False,False,True,False,False,True,False,True,True,105.0,False,False,False,True,0,0.3951521,2
1,0,1,1,32,1,1,90.8,3023.85,True,False,True,False,False,True,False,False,True,True,False,False,False,True,94.4953125,False,False,True,False,0,0.39837575,1
0,0,0,0,72,1,1,101.3,7261.25,True,False,False,True,False,False,False,True,True,True,True,False,True,False,100.85069444444444,False,False,False,True,0,0.12121057,2
0,1,1,0,58,1,1,97.8,5458.8,True,False,True,False,False,False,False,True,False,True,False,False,True,True,94.11724137931034,False,False,False,True,0,0.37491375,2
0,0,0,0,23,1,1,73.75,1756.6,False,False,True,False,False,False,True,True,False,False,False,True,True,True,76.37391304347825,False,True,False,False,0,0.27608845,1
1,1,0,0,25,1,1,89.5,2196.15,True,False,False,False,False,True,False,True,False,True,False,False,True,False,87.846,False,False,True,False,1,0.7567841,1
1,0,1,1,32,1,1,19.45,674.55,False,True,False,False,True,False,False,False,False,False,False,False,False,False,21.0796875,False,False,True,False,0,0.14611454,3
0,0,0,0,69,1,0,104.0,7028.5,True,False,False,True,False,True,False,True,False,False,True,True,True,True,101.8623188405797,False,False,False,True,0,0.61826193,2
0,0,1,1,72,1,1,109.5,7854.9,True,False,False,True,True,False,False,False,True,True,True,True,True,True,109.09583333333333,False,False,False,True,0,0.13056475,2
1,0,0,0,50,0,1,35.4,1748.9,False,False,True,False,False,False,True,False,True,False,False,True,False,False,34.978,False,False,False,True,0,0.1591121,0
1,0,1,1,28,1,0,106.1,2847.4,True,False,True,False,False,True,False,True,True,True,False,False,True,True,101.69285714285715,False,False,True,False,1,0.5324678,1
0,0,1,0,10,1,0,20.1,184.4,False,True,True,False,False,False,True,False,False,False,False,False,False,False,18.44,True,False,False,False,0,0.15065573,3
1,0,1,1,58,1,1,94.7,5430.35,True,False,True,False,True,False,False,True,False,True,False,True,True,False,93.62672413793103,False,False,False,True,0,0.19266918,2
1,1,1,0,7,1,1,75.4,533.05,True,False,False,False,False,True,False,True,False,False,False,False,False,False,76.14999999999999,True,False,False,False,0,0.7661458,1
1,0,0,1,4,1,0,49.35,219.65,False,False,False,False,False,True,False,False,True,False,False,False,False,False,54.9125,False,False,False,False,1,0.59742653,3
0,0,1,1,34,1,1,60.8,2042.05,False,False,True,False,False,False,True,False,True,True,True,False,False,False,60.06029411764706,False,False,True,False,0,0.12928793,1
0,0,1,1,70,1,1,115.15,8250.0,True,False,False,True,True,False,False,True,True,True,True,True,True,True,117.85714285714286,False,False,False,True,0,0.18794842,2
1,1,1,1,71,1,1,72.9,5139.65,False,False,True,False,False,False,False,True,False,True,True,True,False,True,72.38943661971831,False,False,False,True,0,0.15750107,2
1,0,0,0,21,1,0,103.85,2215.0,True,False,False,False,False,False,True,True,True,False,True,False,True,True,105.47619047619048,False,True,False,False,0,0.5787542,1
0,0,0,0,56,1,1,60.25,3282.75,False,False,True,False,True,False,False,False,True,False,True,True,False,False,58.620535714285715,False,False,False,True,0,0.13697754,0
1,0,0,1,71,1,1,76.9,5522.7,False,False,False,True,True,False,False,False,True,True,True,True,True,False,77.78450704225352,False,False,False,True,0,0.10793232,2
0,0,1,1,14,1,1,87.25,1258.6,True,False,False,False,False,True,False,True,False,False,True,False,False,True,89.89999999999999,False,True,False,False,1,0.63103706,1
1,0,1,1,41,1,0,19.5,798.2,False,True,True,False,False,False,False,False,False,False,False,False,False,False,19.46829268292683,False,False,True,False,0,0.10604991,0
0,0,0,0,3,1,0,74.4,215.8,True,False,False,False,False,False,False,True,False,False,False,False,False,False,71.93333333333334,False,False,False,False,1,0.74994755,1
0,0,1,1,58,1,0,20.5,1191.4,False,True,False,True,True,False,False,False,False,False,False,False,False,False,20.54137931034483,False,False,False,True,0,0.0871574,0
0,0,1,1,72,0,0,65.7,4575.35,False,False,False,True,False,False,False,False,True,True,True,True,True,True,63.54652777777778,False,False,False,True,0,0.09564691,2
0,0,0,0,13,1,0,89.4,1132.35,True,False,False,False,False,True,False,True,False,True,True,True,False,False,87.10384615384615,False,True,False,False,1,0.7953674,1
1,0,1,1,43,1,1,79.15,3566.6,False,False,False,True,True,False,False,False,True,False,True,True,True,True,82.94418604651163,False,False,True,False,0,0.11231358,2
1,0,0,0,41,0,1,51.35,2075.1,False,False,True,False,False,True,False,False,False,False,True,False,True,True,50.61219512195122,False,False,True,False,0,0.4239102,0
0,0,0,0,2,1,0,70.0,153.05,True,False,False,False,False,False,False,False,False,False,False,False,False,False,76.525,False,False,False,False,1,0.6625656,1
0,0,0,0,1,1,0,20.3,20.3,False,True,False,False,True,False,False,False,False,False,False,False,False,False,20.3,False,False,False,False,0,0.52360713,3
1,0,0,0,4,1,1,79.9,324.3,True,False,False,False,False,True,False,False,False,False,False,False,False,True,81.075,False,False,False,False,1,0.7317357,1
1,0,0,0,1,1,1,19.9,19.9,False,True,False,False,False,False,True,False,False,False,False,False,False,False,19.9,False,False,False,False,0,0.62614805,3
1,0,1,0,72,1,1,114.1,8086.4,True,False,False,True,True,False,False,True,True,True,True,True,True,True,112.3111111111111,False,False,False,True,0,0.12873575,2
0,0,1,1,69,1,1,64.15,4254.1,False,False,False,True,True,False,False,True,True,False,True,True,False,False,61.6536231884058,False,False,False,True,0,0.08514365,2
1,0,1,1,27,0,1,45.85,1246.4,False,False,True,False,True,False,False,False,False,True,True,False,False,True,46.162962962962965,False,False,True,False,0,0.24670829,3
0,0,0,1,14,1,1,59.8,824.85,False,False,False,False,True,False,False,False,False,False,True,False,True,False,58.917857142857144,False,True,False,False,0,0.2619044,1
1,0,0,0,19,1,1,45.0,865.85,False,False,False,False,False,False,False,False,False,False,False,False,False,False,45.57105263157895,False,True,False,False,0,0.2615384,3
0,0,1,0,18,1,1,95.95,1745.5,True,False,False,False,True,False,False,False,False,False,True,False,True,True,96.97222222222223,False,True,False,False,0,0.53594315,1
1,0,1,1,5,1,1,90.35,434.5,True,False,False,False,False,False,True,False,True,False,True,False,False,True,86.9,False,False,False,False,0,0.6082809,1
1,0,1,1,28,1,0,100.35,2799.0,True,False,True,False,False,False,False,False,False,True,True,False,True,True,99.96428571428571,False,False,True,False,0,0.3990463,1
0,0,0,0,30,1,0,74.65,2308.6,False,False,True,False,True,False,False,False,True,True,True,True,True,False,76.95333333333333,False,False,True,False,0,0.18617831,1
0,1,0,0,71,1,0,104.05,7413.55,True,False,False,True,False,False,False,True,False,False,True,False,True,True,104.41619718309859,False,False,False,True,0,0.18613382,2
1,0,0,0,1,1,1,53.95,53.95,False,False,False,False,False,True,False,False,True,False,False,True,False,False,53.95,False,False,False,False,1,0.71758246,3
1,0,1,1,71,1,1,97.2,6910.3,True,False,False,True,False,True,False,True,True,False,False,False,True,True,97.32816901408451,False,False,False,True,0,0.21407054,2
0,0,1,1,32,1,0,62.45,2045.55,False,False,False,False,False,False,False,True,False,True,True,False,False,False,63.9234375,False,False,True,False,0,0.1597717,1
0,1,0,0,70,1,1,75.5,5212.65,False,False,False,True,False,False,False,True,False,True,True,True,True,False,74.46642857142857,False,False,False,True,0,0.10544348,2
1,0,0,0,1,1,1,55.25,55.25,False,False,False,False,False,True,False,False,False,False,False,False,False,True,55.25,False,False,False,False,0,0.716029,3
1,0,1,1,1,1,1,71.0,71.0,True,False,False,False,False,True,False,False,False,False,False,False,False,False,71.0,False,False,False,False,1,0.7495665,1
0,1,0,0,4,1,0,48.75,179.85,False,False,False,False,False,False,True,True,False,False,False,False,False,False,44.9625,False,False,False,False,0,0.53501725,3
1,1,1,0,43,1,1,94.3,3953.15,True,False,False,False,False,True,False,True,False,True,False,True,True,False,91.93372093023255,False,False,True,False,0,0.62217754,2
1,0,1,0,72,1,0,92.3,6719.9,False,False,False,True,True,False,False,True,True,True,True,True,True,True,93.33194444444445,False,False,False,True,0,0.09489944,2
1,1,1,1,72,1,1,114.95,8196.4,True,False,False,True,False,False,False,True,True,True,True,True,True,True,113.83888888888889,False,False,False,True,0,0.11289742,2
1,1,1,0,4,1,1,74.4,306.6,True,False,False,False,False,False,True,True,False,False,False,False,False,False,76.65,False,False,False,False,1,0.71781033,1
0,0,0,0,24,1,0,24.6,605.25,False,True,True,False,False,False,False,True,False,False,False,False,False,False,25.21875,False,True,False,False,0,0.16618687,3
1,1,1,0,1,1,1,95.1,95.1,True,False,False,False,False,True,False,True,False,False,False,False,True,True,95.1,False,False,False,False,1,0.8229896,1
0,0,0,0,1,1,0,18.85,18.85,False,True,False,False,False,True,False,False,False,False,False,False,False,False,18.85,False,False,False,False,0,0.5837928,3
1,1,0,0,14,1,1,95.6,1273.3,True,False,False,False,False,True,False,True,False,False,False,False,True,True,90.95,False,True,False,False,0,0.79835176,1
1,1,1,0,36,1,1,84.1,3021.6,True,False,False,False,False,True,False,True,False,False,False,False,False,True,83.93333333333334,False,False,True,False,1,0.63048184,1
1,0,1,1,40,1,1,81.2,3292.3,True,False,False,False,False,True,False,True,False,False,True,False,False,False,82.3075,False,False,True,False,0,0.51456314,1
1,1,0,0,67,1,1,105.05,7171.7,True,False,False,True,False,True,False,False,True,True,False,True,True,True,107.04029850746268,False,False,False,True,0,0.41121885,2
1,0,1,1,69,1,1,92.15,6480.9,True,False,False,True,False,False,True,False,False,True,False,True,True,False,93.92608695652173,False,False,False,True,0,0.12014449,2
1,0,0,0,1,1,0,20.6,20.6,False,True,False,False,False,False,True,False,False,False,False,False,False,False,20.6,False,False,False,False,0,0.62122375,3
0,0,0,1,10,0,0,40.25,411.45,False,False,True,False,False,False,True,False,True,True,False,True,False,False,41.144999999999996,True,False,False,False,0,0.24062803,3
1,0,1,1,55,1,0,57.55,3046.4,False,False,False,True,False,False,False,False,True,True,False,True,False,False,55.38909090909091,False,False,False,True,1,0.08565114,0
1,0,1,1,68,1,1,113.15,7856.0,True,False,False,True,False,True,False,True,True,True,True,True,True,True,115.52941176470588,False,False,False,True,1,0.25656524,2
1,1,1,1,66,1,1,99.5,6822.15,True,False,False,False,True,False,False,True,False,False,True,False,True,True,103.36590909090908,False,False,False,True,1,0.31948304,2
0,0,0,0,7,1,1,69.9,497.3,True,False,False,False,False,False,True,False,False,False,False,False,False,False,71.04285714285714,True,False,False,False,0,0.6388177,1
0,0,1,1,10,1,0,20.15,220.8,False,True,False,True,False,False,True,False,False,False,False,False,False,False,22.080000000000002,True,False,False,False,0,0.103655376,3
1,0,0,0,1,0,0,29.15,29.15,False,False,False,False,False,False,True,False,False,False,False,True,False,False,29.15,False,False,False,False,0,0.65888566,3
1,0,1,1,55,1,0,19.35,1153.25,False,True,False,True,False,False,False,False,False,False,False,False,False,False,20.96818181818182,False,False,False,True,0,0.09027861,0
1,0,1,0,45,1,1,107.75,4882.8,True,False,False,False,False,False,False,True,False,True,True,False,True,True,108.50666666666667,False,False,True,False,0,0.46627066,2
0,0,1,0,10,1,1,67.8,653.15,False,False,False,False,True,False,False,False,False,False,True,False,True,True,65.315,True,False,False,False,0,0.28136486,1
0,0,1,0,69,1,1,116.0,8182.85,True,False,False,True,False,True,False,True,True,True,True,True,True,True,118.59202898550726,False,False,False,True,0,0.51569134,2
0,1,0,0,1,1,1,85.05,85.05,True,False,False,False,False,True,False,True,False,False,False,False,False,True,85.05,False,False,False,False,1,0.85735583,1
0,0,0,0,33,1,0,25.7,826.1,False,True,False,True,True,False,False,True,False,False,False,False,False,False,25.033333333333335,False,False,True,False,0,0.1529243,3
0,0,0,0,45,1,0,81.65,3618.7,False,False,False,True,False,False,False,False,True,False,True,True,True,True,80.41555555555556,False,False,True,False,0,0.12908997,2
0,0,0,0,1,1,0,44.75,44.75,False,False,False,False,False,False,True,False,False,False,False,False,False,False,44.75,False,False,False,False,0,0.6811492,3
1,0,0,0,31,1,1,71.05,2168.15,False,False,False,False,False,True,False,True,False,True,False,True,True,False,69.94032258064516,False,False,True,False,0,0.37012437,1
1,0,1,1,50,1,1,20.35,938.95,False,True,True,False,False,False,True,False,False,False,False,False,False,False,18.779,False,False,False,True,0,0.10316471,0
0,0,0,0,57,1,1,87.55,4884.85,True,False,False,False,False,False,False,True,True,True,False,True,False,False,85.69912280701755,False,False,False,True,0,0.24217135,2
1,0,0,0,1,1,1,74.25,74.25,True,False,False,False,False,False,True,True,False,False,False,False,False,False,74.25,False,False,False,False,1,0.8007303,1
0,0,0,0,2,1,1,75.8,160.75,True,False,False,False,False,True,False,False,False,False,True,False,False,False,80.375,False,False,False,False,1,0.75521,1
1,0,0,0,3,1,1,105.35,323.25,True,False,False,False,False,False,False,True,False,True,True,False,True,True,107.75,False,False,False,False,1,0.736645,1
1,1,1,0,67,1,1,94.65,6079.0,True,False,False,False,True,False,False,True,False,False,False,False,True,True,90.73134328358209,False,False,False,True,0,0.3973459,2
0,1,0,0,42,1,1,104.75,4323.45,True,False,False,False,False,False,False,True,False,True,True,False,True,True,102.93928571428572,False,False,True,False,1,0.53340966,2
0,0,1,0,70,1,1,26.0,2006.95,False,True,False,True,False,False,False,True,False,False,False,False,False,False,28.670714285714286,False,False,False,True,0,0.0876202,0
1,0,1,0,71,1,0,20.85,1539.75,False,True,True,False,False,True,False,False,False,False,False,False,False,False,21.68661971830986,False,False,False,True,0,0.16642362,0
1,0,0,0,9,1,1,75.85,724.65,True,False,False,False,False,True,False,True,False,False,False,False,False,False,80.51666666666667,True,False,False,False,0,0.77367324,1
1,0,1,1,72,0,0,45.25,3139.8,False,False,False,True,True,False,False,False,True,True,True,True,False,False,43.608333333333334,False,False,False,True,0,0.096997865,0
1,0,1,1,53,1,1,105.25,5576.3,True,False,True,False,False,True,False,True,False,True,True,False,True,True,105.21320754716982,False,False,False,True,0,0.41365498,2
0,1,0,0,19,1,1,105.0,2007.25,True,False,False,False,False,False,True,False,True,True,False,True,True,True,105.64473684210526,False,True,False,False,0,0.54841214,1
0,0,0,0,9,1,0,94.4,857.25,True,False,False,False,False,True,False,True,False,False,False,False,True,True,95.25,True,False,False,False,1,0.86020726,1
1,0,1,1,72,1,0,105.5,7611.55,True,False,False,True,False,False,False,False,True,True,False,True,True,True,105.71597222222222,False,False,False,True,0,0.14285183,2
1,0,1,1,20,0,1,39.4,825.4,False,False,False,True,True,False,False,False,True,False,True,True,False,False,41.269999999999996,False,True,False,False,0,0.15444005,3
0,0,1,1,43,1,0,20.0,817.95,False,True,True,False,False,False,True,False,False,False,False,False,False,False,19.022093023255817,False,False,True,False,0,0.10604881,0
0,0,0,0,50,1,1,79.6,4024.2,False,False,False,True,False,False,True,True,False,True,False,True,True,True,80.484,False,False,False,True,0,0.12469506,2
0,0,1,0,55,1,1,89.8,4959.6,True,False,False,False,False,False,False,True,True,False,False,False,True,False,90.17454545454547,False,False,False,True,0,0.31756243,2
1,0,1,0,2,1,1,94.2,167.5,True,False,False,False,False,True,False,False,False,False,False,True,True,True,83.75,False,False,False,False,1,0.7345303,1
0,0,1,1,9,1,0,20.35,191.1,False,True,False,True,False,False,True,False,False,False,False,False,False,False,21.233333333333334,True,False,False,False,0,0.11409636,3
1,0,0,0,10,0,1,33.9,298.45,False,False,False,False,False,False,True,False,False,False,False,False,False,True,29.845,True,False,False,False,1,0.4019071,3
0,0,0,0,71,1,0,77.35,5550.1,False,False,False,True,True,False,False,False,True,True,True,True,True,False,78.17042253521127,False,False,False,True,0,0.11482126,2
0,0,1,0,32,1,0,84.15,2585.95,True,False,False,False,False,False,False,False,False,True,False,False,False,True,80.8109375,False,False,True,False,1,0.4747947,1
1,1,1,0,3,1,1,105.9,334.65,True,False,False,False,False,True,False,True,False,True,True,False,True,True,111.55,False,False,False,False,1,0.76732177,1
1,1,1,0,16,1,1,74.3,1178.25,True,False,False,False,True,False,False,False,False,True,False,False,False,False,73.640625,False,True,False,False,1,0.43434718,1
1,0,0,0,25,1,0,69.75,1729.35,True,False,False,False,False,True,False,False,False,False,False,False,False,False,69.17399999999999,False,False,True,False,0,0.6329712,1
1,0,0,0,38,1,1,70.45,2597.6,True,False,True,False,False,False,False,False,False,False,False,False,False,False,68.3578947368421,False,False,True,False,1,0.29152548,1
0,0,0,0,40,1,0,20.15,804.85,False,True,False,True,False,False,True,False,False,False,False,False,False,False,20.12125,False,False,True,False,0,0.115503445,0
0,0,1,1,61,1,1,24.2,1445.2,False,True,False,True,False,False,True,True,False,False,False,False,False,False,23.691803278688525,False,False,False,True,0,0.08235749,0
0,0,1,1,25,1,0,20.05,520.1,False,True,True,False,False,False,True,False,False,False,False,False,False,False,20.804000000000002,False,False,True,False,0,0.112134576,3
0,0,0,1,48,1,1,95.5,4627.85,True,False,False,True,False,False,True,False,False,True,True,True,True,False,96.41354166666667,False,False,True,False,1,0.17218171,2
0,0,0,0,3,1,1,69.55,222.3,True,False,False,False,False,False,False,False,False,False,False,False,False,False,74.10000000000001,False,False,False,False,1,0.6435889,1
0,0,0,0,63,1,0,108.25,6780.1,True,False,False,False,True,False,False,True,True,True,True,False,True,True,107.62063492063493,False,False,False,True,0,0.43875033,2
0,1,0,0,37,1,1,76.25,2841.55,True,False,False,False,False,True,False,True,False,False,False,False,False,False,76.79864864864865,False,False,True,False,1,0.664026,1
1,0,0,0,1,1,1,49.8,49.8,False,False,False,False,True,False,False,False,True,False,False,False,False,False,49.8,False,False,False,False,0,0.63016874,3
1,0,1,1,17,1,0,80.85,1400.85,True,False,False,False,False,True,False,False,False,False,False,False,True,False,82.40294117647058,False,True,False,False,1,0.5324045,1
1,0,0,0,3,1,1,69.35,191.35,False,False,False,False,False,True,False,False,False,False,False,True,True,True,63.78333333333333,False,False,False,False,1,0.5650153,1
0,0,1,0,21,1,1,86.05,1818.9,True,False,False,False,False,True,False,False,False,False,False,True,True,False,86.61428571428571,False,True,False,False,0,0.6494343,1
0,0,1,1,67,0,0,36.15,2434.45,False,False,False,True,False,False,False,False,True,True,False,False,False,False,36.33507462686567,False,False,False,True,0,0.0988104,0
0,0,1,1,34,1,1,20.1,682.1,False,True,True,False,False,False,False,False,False,False,False,False,False,False,20.061764705882354,False,False,True,False,0,0.10647029,3
1,0,0,0,18,1,1,90.7,1597.25,True,False,False,False,True,False,False,True,False,False,True,False,False,True,88.73611111111111,False,True,False,False,1,0.5350297,1
1,0,1,1,72,1,0,88.7,6501.35,False,False,False,True,True,False,False,True,True,True,True,True,True,True,90.29652777777778,False,False,False,True,0,0.08796241,2
1,0,1,1,18,1,0,95.15,1779.95,True,False,False,False,False,False,True,False,False,False,True,False,True,True,98.88611111111112,False,True,False,False,1,0.4523698,1
1,0,0,0,3,1,0,75.0,209.1,True,False,False,False,False,False,True,True,False,False,False,False,False,False,69.7,False,False,False,False,1,0.7326605,1
0,0,0,0,1,1,1,49.95,49.95,False,False,False,False,False,False,False,True,False,False,False,False,False,False,49.95,False,False,False,False,1,0.6493849,3
1,0,0,0,10,1,1,72.15,794.25,False,False,False,False,True,False,False,True,False,False,False,False,True,True,79.425,True,False,False,False,1,0.38265273,1
0,0,0,0,10,1,1,20.9,247.0,False,True,False,False,False,False,True,False,False,False,False,False,False,False,24.7,True,False,False,False,0,0.2404452,3
0,0,1,1,29,1,0,20.0,540.05,False,True,True,False,False,True,False,False,False,False,False,False,False,False,18.622413793103448,False,False,True,False,0,0.1548396,3
0,1,1,0,34,1,1,94.25,3217.55,True,False,False,False,False,True,False,True,False,True,True,False,False,True,94.63382352941177,False,False,True,False,1,0.61138695,1
1,1,1,0,7,1,1,101.95,700.85,True,False,False,False,False,True,False,True,False,False,True,False,True,True,100.12142857142858,True,False,False,False,1,0.8113107,1
1,0,1,1,69,1,0,86.9,6194.1,False,False,False,True,False,False,False,True,True,False,True,True,True,True,89.7695652173913,False,False,False,True,0,0.08794706,2
0,0,0,0,36,1,0,54.45,1893.5,False,False,True,False,False,False,True,True,True,False,False,False,False,False,52.59722222222222,False,False,True,False,0,0.14530833,0
1,0,1,0,72,1,0,85.95,6151.9,False,False,False,True,False,False,False,True,False,True,True,True,True,True,85.44305555555555,False,False,False,True,0,0.08976432,2
0,0,0,0,42,1,1,20.65,958.1,False,True,True,False,False,False,True,False,False,False,False,False,False,False,22.811904761904763,False,False,True,False,0,0.12818737,0
1,0,0,0,42,1,1,99.0,4298.45,True,False,True,False,False,True,False,True,True,True,True,False,False,True,102.34404761904761,False,False,True,False,0,0.6291654,2
1,0,0,0,67,0,0,43.9,3097.2,False,False,False,True,False,True,False,False,True,False,False,True,True,False,46.22686567164179,False,False,False,True,0,0.31459868,0
0,1,0,0,21,1,1,95.4,2025.1,True,False,False,False,False,False,False,True,False,False,False,False,True,True,96.43333333333332,False,True,False,False,0,0.63532525,1
0,0,0,0,23,1,1,93.5,2341.55,True,False,False,False,False,True,False,True,False,False,False,False,True,True,101.80652173913045,False,True,False,False,0,0.8320069,1
0,0,0,0,15,1,0,86.2,1270.2,True,False,False,False,False,True,False,False,True,False,False,False,True,False,84.68,False,True,False,False,1,0.71333516,1
0,1,1,0,34,1,0,64.2,2106.3,False,False,True,False,False,False,False,False,False,False,True,True,True,False,61.95,False,False,True,False,0,0.12931116,1
1,1,1,0,7,1,1,99.25,665.45,True,False,False,False,False,True,False,True,False,False,True,False,True,True,95.06428571428572,True,False,False,False,1,0.8143693,1
1,0,0,1,9,1,0,20.4,184.1,False,True,False,False,False,False,True,False,False,False,False,False,False,False,20.455555555555556,True,False,False,False,0,0.18512541,3
0,0,1,0,34,1,0,24.7,780.2,False,True,False,False,False,True,False,True,False,False,False,False,False,False,22.947058823529414,False,False,True,False,0,0.30508807,3
1,0,0,0,1,0,1,35.55,35.55,False,False,False,False,False,True,False,False,False,False,False,False,False,True,35.55,False,False,False,False,1,0.765462,3
0,0,0,0,25,1,0,108.9,2809.05,True,False,False,True,False,True,False,True,False,True,True,True,True,True,112.36200000000001,False,False,True,False,0,0.7565003,1
0,0,1,0,72,1,1,115.5,8312.75,True,False,False,True,False,False,False,True,True,True,True,True,True,True,115.45486111111111,False,False,False,True,0,0.1261514,2
1,0,0,0,1,1,0,20.55,20.55,False,True,False,False,False,True,False,False,False,False,False,False,False,False,20.55,False,False,False,False,1,0.61996144,3
0,0,1,0,60,1,1,99.8,5985.75,True,False,False,False,False,True,False,True,False,True,False,False,True,True,99.7625,False,False,False,True,0,0.6042595,2
1,0,1,0,43,1,1,84.25,3539.25,True,False,True,False,False,False,False,False,True,False,True,True,False,False,82.30813953488372,False,False,True,False,0,0.2279346,2
1,0,0,0,3,1,0,21.2,52.05,False,True,True,False,False,False,True,False,False,False,False,False,False,False,17.349999999999998,False,False,False,False,0,0.27059367,3
1,1,1,0,72,1,1,84.1,5981.65,False,False,False,True,True,False,False,True,True,True,True,False,True,True,83.07847222222222,False,False,False,True,0,0.09615114,2
1,0,0,0,2,1,0,45.35,89.5,False,False,False,False,False,True,False,False,False,False,False,False,False,False,44.75,False,False,False,False,1,0.6910129,3
1,0,0,0,10,1,1,98.9,1064.95,True,False,True,False,False,True,False,False,True,False,True,False,True,True,106.495,True,False,False,False,0,0.712168,1
1,0,0,0,7,1,1,98.05,713.0,True,False,False,False,False,False,False,True,False,False,True,False,True,True,101.85714285714286,True,False,False,False,1,0.77213776,1
0,0,1,0,33,1,1,51.45,1758.9,False,False,True,False,False,False,True,False,False,False,False,True,False,False,53.300000000000004,False,False,True,False,0,0.12532116,0
1,0,0,0,31,1,1,81.15,2640.55,True,False,False,False,False,True,False,True,False,True,False,False,False,False,85.17903225806452,False,False,True,False,0,0.6531854,1
1,1,0,0,38,1,0,94.75,3653.0,True,False,False,False,False,True,False,True,False,False,False,False,True,True,96.13157894736842,False,False,True,False,0,0.72476083,2
0,0,0,0,24,1,1,84.35,1938.05,True,False,False,False,False,True,False,True,True,False,False,True,False,False,80.75208333333333,False,True,False,False,0,0.75745374,1
0,0,0,0,28,1,1,59.55,1646.45,False,False,False,False,False,False,False,False,False,False,True,False,True,False,58.801785714285714,False,False,True,False,0,0.20303875,1
1,0,1,1,72,0,0,38.5,2763.0,False,False,False,True,True,False,False,False,True,True,True,False,False,False,38.375,False,False,False,True,0,0.100551,0
0,0,1,0,20,1,0,19.25,375.25,False,True,False,False,False,False,False,False,False,False,False,False,False,False,18.7625,False,True,False,False,0,0.17083688,3
1,0,0,0,60,1,0,79.0,4801.1,False,False,True,False,False,False,True,False,True,False,True,True,True,True,80.01833333333335,False,False,False,True,0,0.2088657,2
0,1,0,0,4,1,1,89.2,346.2,True,False,False,False,False,True,False,True,False,False,True,False,True,False,86.55,False,False,False,False,1,0.8398815,1
0,0,1,0,46,1,0,55.0,2473.95,False,False,False,False,False,False,False,True,True,False,False,False,False,False,53.78152173913043,False,False,True,False,0,0.17195694,0
1,0,1,1,72,1,0,82.3,5815.15,False,False,False,True,False,False,False,True,True,True,True,True,True,False,80.76597222222222,False,False,False,True,0,0.08445418,2
0,1,0,0,41,1,1,113.2,4689.5,True,False,False,False,False,True,False,True,True,True,True,False,True,True,114.3780487804878,False,False,True,False,1,0.6543963,2
1,1,1,0,65,1,1,100.75,6674.65,True,False,True,False,False,True,False,True,True,False,False,False,True,True,102.68692307692307,False,False,False,True,0,0.5310603,2
1,0,1,1,43,0,0,29.3,1224.05,False,False,False,False,True,False,False,False,False,True,False,False,False,False,28.46627906976744,False,False,True,False,0,0.2190431,0
0,0,0,1,21,1,0,64.85,1336.8,False,False,True,False,False,False,True,False,True,False,True,False,False,True,63.65714285714286,False,True,False,False,0,0.27132735,1
1,0,1,1,54,1,0,20.4,1090.6,False,True,False,True,True,False,False,False,False,False,False,False,False,False,20.196296296296296,False,False,False,True,0,0.09201148,0
0,1,1,0,61,1,1,104.4,6405.0,True,False,True,False,True,False,False,True,False,True,True,False,True,True,105.0,False,False,False,True,1,0.38326085,2
1,0,0,0,20,0,1,55.0,1165.55,False,False,False,False,True,False,False,False,True,True,True,True,True,False,58.277499999999996,False,True,False,False,0,0.39265016,1
1,0,0,0,69,1,1,105.2,7386.05,True,False,True,False,False,False,False,True,False,True,False,True,True,True,107.04420289855072,False,False,False,True,0,0.4054943,2
1,1,0,0,1,1,0,45.2,45.2,False,False,False,False,False,True,False,False,False,False,False,False,False,False,45.2,False,False,False,False,0,0.723961,3
1,1,1,0,33,1,1,93.55,3055.5,True,False,True,False,False,True,False,False,True,True,False,True,False,True,92.5909090909091,False,False,True,False,0,0.4556713,1
1,0,0,1,19,1,0,20.85,467.5,False,True,False,True,True,False,False,False,False,False,False,False,False,False,24.605263157894736,False,True,False,False,0,0.119323604,3
1,0,0,0,2,1,0,79.0,143.65,True,False,False,False,False,True,False,False,False,False,False,False,True,False,71.825,False,False,False,False,1,0.76662797,1
0,0,1,1,13,1,1,63.15,816.8,False,False,False,False,False,False,True,False,True,False,True,False,False,True,62.83076923076923,False,True,False,False,0,0.21915928,1
1,0,0,0,1,1,1,45.8,45.8,False,False,False,False,False,False,True,False,False,False,False,False,False,False,45.8,False,False,False,False,0,0.67584074,3
0,0,1,1,55,1,0,55.7,3131.8,False,False,False,False,False,True,False,False,True,True,False,False,False,False,56.941818181818185,False,False,False,True,0,0.16165507,0
1,0,0,0,22,1,1,95.1,2162.6,True,False,False,False,False,True,False,True,False,False,False,False,True,True,98.3,False,True,False,False,0,0.8098242,1
1,1,1,0,27,1,1,75.5,1893.95,True,False,False,False,False,True,False,True,False,False,False,False,False,False,70.1462962962963,False,False,True,False,1,0.5882762,1
1,1,1,0,13,1,1,89.05,1169.35,True,False,False,False,False,False,False,False,False,True,False,True,False,True,89.94999999999999,False,True,False,False,1,0.5526065,1
1,0,1,1,26,1,0,50.35,1285.8,False,False,True,False,False,False,True,False,False,False,True,False,False,False,49.45384615384615,False,False,True,False,0,0.12838992,3
1,0,1,1,35,1,0,20.1,655.3,False,True,False,True,False,False,True,False,False,False,False,False,False,False,18.72285714285714,False,False,True,False,0,0.0919699,3
0,1,0,0,56,1,0,104.75,5841.35,True,False,False,False,False,True,False,True,False,True,True,False,True,True,104.30982142857144,False,False,False,True,0,0.6311949,2
1,0,0,0,1,1,1,95.45,95.45,True,False,False,False,False,True,False,True,False,False,False,False,True,True,95.45,False,False,False,False,1,0.85978353,1
1,1,1,0,1,1,0,74.3,74.3,True,False,False,False,False,True,False,True,False,False,False,False,False,False,74.3,False,False,False,False,0,0.8126021,1
1,0,0,0,23,1,1,90.6,1943.2,True,False,False,False,False,True,False,True,False,False,False,True,True,False,84.48695652173913,False,True,False,False,1,0.7712611,1
0,0,0,0,7,1,0,75.45,480.75,True,False,False,False,False,False,True,True,False,False,False,False,False,False,68.67857142857143,True,False,False,False,1,0.7267404,1
1,0,1,0,22,1,1,104.6,2180.55,True,False,False,False,False,True,False,False,True,True,False,True,True,True,99.1159090909091,False,True,False,False,0,0.64638275,1
1,0,1,0,56,1,0,59.5,3389.25,False,False,False,True,True,False,False,True,False,True,True,False,False,False,60.52232142857143,False,False,False,True,0,0.103908755,0
1,0,1,0,71,1,1,82.55,5832.65,False,False,False,True,False,True,False,False,True,False,True,True,True,True,82.14999999999999,False,False,False,True,0,0.17528297,2
1,0,1,1,59,1,0,19.85,1188.25,False,True,False,True,False,False,True,False,False,False,False,False,False,False,20.139830508474578,False,False,False,True,0,0.08640096,0
0,0,0,0,18,1,1,96.05,1740.7,True,False,False,False,False,True,False,False,True,False,False,False,True,True,96.70555555555556,False,True,False,False,1,0.7192558,1
1,0,1,0,60,1,1,61.35,3766.2,False,False,False,True,False,False,True,False,True,True,False,True,False,False,62.769999999999996,False,False,False,True,0,0.087661326,0
0,0,0,0,8,1,0,44.45,369.3,False,False,False,False,False,False,True,False,False,False,False,False,False,False,46.1625,True,False,False,False,0,0.3387259,3
1,0,0,0,1,1,1,19.75,19.75,False,True,False,False,True,False,False,False,False,False,False,False,False,False,19.75,False,False,False,False,0,0.5323202,3
0,1,1,0,1,1,1,70.45,70.45,True,False,False,False,False,False,True,False,False,False,False,False,False,False,70.45,False,False,False,False,1,0.79923564,1
0,0,1,1,28,1,1,82.85,2320.8,True,False,True,False,False,False,False,False,True,False,False,False,False,True,82.88571428571429,False,False,True,False,0,0.3767519,1
1,0,0,0,18,1,0,74.15,1387.0,True,False,False,False,False,False,True,True,False,False,False,False,False,False,77.05555555555556,False,True,False,False,0,0.43602332,1
1,0,0,0,24,1,1,90.35,2238.5,True,False,False,False,False,True,False,False,False,False,False,False,True,True,93.27083333333333,False,True,False,False,1,0.6756576,1
0,0,1,1,68,0,0,60.3,4109.0,False,False,False,True,True,False,False,False,False,True,True,True,True,True,60.4264705882353,False,False,False,True,0,0.1020119,0
1,0,1,1,71,1,1,104.65,7288.4,True,False,True,False,False,False,False,False,True,True,True,False,True,True,102.65352112676055,False,False,False,True,0,0.21514986,2
1,0,1,1,64,1,1,19.7,1274.05,False,True,False,True,False,False,False,False,False,False,False,False,False,False,19.90703125,False,False,False,True,0,0.08644618,0
0,0,1,0,72,1,1,110.75,7751.7,True,False,False,True,False,True,False,True,True,True,True,False,True,True,107.6625,False,False,False,True,0,0.30870467,2
0,1,0,0,69,1,0,110.25,7467.55,True,False,False,True,True,False,False,True,True,False,True,True,True,True,108.22536231884058,False,False,False,True,0,0.32702142,2
0,0,0,0,67,0,1,53.4,3579.15,False,False,False,False,True,False,False,False,False,False,True,True,True,True,53.420149253731346,False,False,False,True,0,0.25160834,0
0,1,0,0,20,1,0,80.7,1614.2,True,False,False,False,False,False,False,False,False,False,False,False,True,False,80.71000000000001,False,True,False,False,0,0.44572487,1
0,0,1,1,25,1,1,18.7,383.65,False,True,False,True,False,False,True,False,False,False,False,False,False,False,15.345999999999998,False,False,True,False,0,0.101024576,3
0,0,0,0,50,1,1,89.7,4304.5,True,False,False,True,False,False,False,False,False,False,True,True,False,True,86.09,False,False,False,True,0,0.22523192,2
0,0,1,1,6,1,1,48.95,273.25,False,False,False,False,True,False,False,True,False,False,False,False,False,False,45.541666666666664,False,False,False,False,0,0.31715778,3
0,0,0,1,2,1,1,19.6,35.85,False,True,False,False,False,True,False,False,False,False,False,False,False,False,17.925,False,False,False,False,1,0.43564868,3
0,0,0,0,18,1,0,20.1,407.05,False,True,True,False,False,False,True,False,False,False,False,False,False,False,22.61388888888889,False,True,False,False,0,0.15789685,3
0,1,0,0,2,1,1,56.55,118.25,False,False,False,False,True,False,False,True,False,True,False,False,False,False,59.125,False,False,False,False,0,0.5813183,1
1,0,0,0,3,0,1,40.15,130.75,False,False,False,False,False,False,True,False,False,False,True,False,True,False,43.583333333333336,False,False,False,False,1,0.58440185,3
0,0,0,1,9,1,1,69.4,571.45,False,False,False,False,True,False,False,False,False,False,False,True,True,True,63.49444444444445,True,False,False,False,0,0.3359855,1
1,0,0,0,1,1,1,69.9,69.9,True,False,False,False,False,True,False,False,False,False,False,False,False,False,69.9,False,False,False,False,1,0.82840335,1
0,0,0,0,70,1,1,113.65,7939.25,True,False,False,True,False,False,False,True,True,True,True,True,True,True,113.41785714285714,False,False,False,True,0,0.27852902,2
0,0,0,0,46,1,0,96.05,4399.5,True,False,False,False,False,False,False,True,False,False,False,False,True,True,95.6413043478261,False,False,True,False,1,0.534277,2
0,0,0,0,15,1,1,48.8,720.1,False,False,False,False,False,False,True,True,False,False,False,False,False,False,48.00666666666667,False,True,False,False,0,0.31756756,3
0,0,0,0,53,1,0,19.85,1049.6,False,True,False,True,True,False,False,False,False,False,False,False,False,False,19.80377358490566,False,False,False,True,0,0.1249711,0
0,0,0,0,1,1,1,55.4,55.4,False,False,False,False,False,True,False,False,False,False,False,False,False,True,55.4,False,False,False,False,1,0.7159043,3
0,0,0,0,29,1,0,19.35,601.6,False,True,False,False,True,False,False,False,False,False,False,False,False,False,20.7448275862069,False,False,True,False,0,0.20172255,3
0,0,0,0,1,1,1,77.15,77.15,True,False,False,False,False,True,False,True,False,False,False,False,False,False,77.15,False,False,False,False,1,0.849728,1
1,0,0,0,69,0,1,60.05,4176.7,False,False,False,True,False,False,False,False,True,True,False,True,True,True,60.53188405797101,False,False,False,True,0,0.12891993,0
1,1,1,0,63,0,0,36.1,2298.9,False,False,True,False,False,False,False,False,True,False,False,True,False,False,36.490476190476194,False,False,False,True,0,0.13238198,0
1,1,0,0,51,1,0,25.0,1260.7,False,True,True,False,False,False,False,True,False,False,False,False,False,False,24.719607843137254,False,False,False,True,0,0.12222341,0
1,0,1,0,64,1,1,73.55,4764.0,True,False,False,False,False,False,True,False,True,False,False,False,False,False,74.4375,False,False,False,True,0,0.23306936,2
0,0,1,1,52,1,1,84.05,4326.8,True,False,False,False,False,False,False,False,True,False,True,True,False,False,83.20769230769231,False,False,False,True,0,0.24201031,2
1,0,1,1,70,0,0,59.5,4144.8,False,False,False,True,False,False,False,False,True,False,True,True,True,True,59.21142857142858,False,False,False,True,0,0.09734093,0
1,0,1,1,9,1,0,54.8,452.8,False,False,False,False,False,False,True,False,False,True,False,True,False,False,50.31111111111111,True,False,False,False,0,0.23004623,3
0,0,0,0,3,1,0,83.75,247.25,True,False,False,False,False,True,False,False,False,True,False,False,True,False,82.41666666666667,False,False,False,False,1,0.7845374,1
1,0,1,0,70,1,1,74.8,5315.8,False,False,False,True,True,False,False,True,True,False,True,True,False,True,75.94,False,False,False,True,0,0.1037659,2
1,0,0,0,21,1,1,84.1,1737.45,True,False,False,False,False,True,False,True,False,False,False,False,False,True,82.7357142857143,False,True,False,False,0,0.7591069,1
0,1,0,0,5,1,1,75.55,349.65,True,False,False,False,True,False,False,False,False,False,True,False,False,False,69.92999999999999,False,False,False,False,1,0.69186974,1
1,0,0,0,20,1,1,108.2,2203.7,True,False,False,False,False,False,False,False,True,True,True,True,True,True,110.18499999999999,False,True,False,False,0,0.47897226,1
0,1,1,0,72,1,1,109.75,8075.35,True,False,False,True,False,False,True,True,True,False,True,True,True,True,112.1576388888889,False,False,False,True,0,0.13221872,2
1,0,1,1,72,1,0,20.3,1401.15,False,True,False,True,False,False,False,False,False,False,False,False,False,False,19.460416666666667,False,False,False,True,0,0.08127866,0
0,1,0,0,2,1,1,70.65,142.35,True,False,False,False,False,True,False,False,False,False,False,False,False,False,71.175,False,False,False,False,1,0.7507277,1
0,0,1,1,23,1,1,75.3,1702.9,True,False,False,False,True,False,False,False,False,False,True,False,False,False,74.0391304347826,False,True,False,False,0,0.38832673,1
0,0,0,0,4,1,0,20.95,85.5,False,True,False,False,False,False,False,False,False,False,False,False,False,False,21.375,False,False,False,False,1,0.43724176,3
1,0,0,0,32,1,1,80.35,2596.15,True,False,False,False,False,False,False,True,False,True,False,False,False,False,81.1296875,False,False,True,False,1,0.38793576,1
0,0,0,0,36,1,1,89.65,3348.1,False,False,True,False,True,False,False,True,True,False,True,True,True,True,93.00277777777778,False,False,True,False,0,0.2465989,2
1,0,0,0,24,1,1,49.7,1218.25,False,False,False,False,False,False,True,False,False,True,False,False,False,False,50.760416666666664,False,True,False,False,0,0.22160183,3
1,0,0,0,6,1,1,49.5,312.7,False,False,False,False,True,False,False,False,False,False,False,True,False,False,52.11666666666667,False,False,False,False,0,0.35256544,3
1,0,1,1,23,1,0,59.7,1414.2,False,False,False,True,False,False,True,True,False,True,False,True,False,False,61.48695652173913,False,True,False,False,0,0.107162476,1
0,0,1,1,48,1,0,20.65,1057.0,False,True,False,True,False,False,False,False,False,False,False,False,False,False,22.020833333333332,False,False,True,False,0,0.09286713,0
0,0,0,0,28,1,1,54.9,1505.15,False,False,False,False,True,False,False,True,False,False,False,True,False,False,53.75535714285714,False,False,True,False,0,0.2251291,1
1,1,0,0,52,0,1,49.15,2550.9,False,False,False,False,False,True,False,False,False,True,False,False,True,True,49.05576923076923,False,False,False,True,1,0.41202506,0
0,0,0,0,3,1,1,74.95,212.4,True,False,False,False,False,True,False,True,False,False,False,False,False,False,70.8,False,False,False,False,0,0.8229603,1
0,0,0,0,2,1,0,80.55,184.1,True,False,False,False,False,True,False,False,False,False,False,False,False,True,92.05,False,False,False,False,1,0.77144444,1
1,0,0,0,4,1,0,19.95,68.2,False,True,True,False,False,False,True,False,False,False,False,False,False,False,17.05,False,False,False,False,0,0.1759711,3
1,0,0,0,5,1,1,69.7,316.9,True,False,False,False,False,True,False,False,False,False,False,False,False,False,63.379999999999995,False,False,False,False,1,0.71523947,1
0,1,0,0,1,1,1,69.6,69.6,True,False,False,False,False,True,False,False,False,False,False,False,False,False,69.6,False,False,False,False,1,0.83702236,1
1,0,1,1,66,1,1,19.75,1344.5,False,True,False,True,False,False,True,False,False,False,False,False,False,False,20.37121212121212,False,False,False,True,0,0.086379714,0
0,0,1,0,52,1,1,102.7,5138.1,True,False,False,False,True,False,False,True,False,True,False,True,True,True,98.8096153846154,False,False,False,True,0,0.49015015,2
0,0,0,0,1,0,0,24.6,24.6,False,False,False,False,False,True,False,False,False,False,False,False,False,False,24.6,False,False,False,False,1,0.7600104,3
1,0,0,0,35,1,1,89.2,3251.3,True,False,True,False,False,True,False,False,True,False,False,True,False,True,92.89428571428572,False,False,True,False,0,0.50483584,1
1,0,1,0,3,1,1,55.8,154.55,False,False,False,False,False,False,True,False,False,False,True,True,False,False,51.51666666666667,False,False,False,False,0,0.4478159,3
0,1,0,0,66,1,1,102.85,6976.75,True,False,True,False,True,False,False,True,False,False,True,True,True,True,105.70833333333333,False,False,False,True,0,0.4113187,2
0,0,0,0,59,1,0,68.7,4070.95,False,False,True,False,False,False,False,True,True,False,False,True,False,True,68.99915254237288,False,False,False,True,0,0.18513192,2
1,0,1,1,52,1,0,25.75,1345.85,False,True,False,True,False,False,True,True,False,False,False,False,False,False,25.881730769230767,False,False,False,True,0,0.086813144,0
0,0,0,0,8,1,1,73.5,632.2,True,False,False,False,False,True,False,True,False,False,False,False,False,False,79.025,True,False,False,False,0,0.816972,1
0,0,0,0,5,1,1,53.8,283.95,False,False,False,False,False,True,False,True,True,False,False,False,False,False,56.79,False,False,False,False,0,0.67564195,3
1,0,0,0,4,0,1,44.55,174.3,False,False,False,False,False,True,False,False,False,False,False,False,True,True,43.575,False,False,False,False,1,0.74403465,3
1,0,1,1,50,1,1,70.5,3486.65,False,False,False,True,True,False,False,True,True,False,False,True,True,False,69.733,False,False,False,True,0,0.09609654,2
1,0,1,1,62,1,0,108.15,6825.65,True,False,False,True,False,False,True,False,True,True,True,True,True,True,110.09112903225805,False,False,False,True,0,0.18943685,2
0,0,0,0,61,1,0,19.45,1336.35,False,True,True,False,False,False,False,False,False,False,False,False,False,False,21.907377049180326,False,False,False,True,0,0.11068039,0
1,0,1,1,55,1,0,85.5,4713.4,True,False,False,False,False,False,False,True,False,False,False,False,False,True,85.69818181818181,False,False,False,True,0,0.28379548,2
1,0,0,0,5,1,0,20.05,95.55,False,True,False,False,True,False,False,False,False,False,False,False,False,False,19.11,False,False,False,False,0,0.23154761,3
0,0,1,1,35,1,1,54.95,1916.0,False,False,True,False,False,False,False,False,True,False,False,True,False,False,54.74285714285714,False,False,True,False,0,0.11711332,0
1,0,0,1,22,1,1,89.1,1949.4,True,False,False,False,True,False,False,True,False,True,False,False,True,False,88.60909090909091,False,True,False,False,0,0.3980507,1
1,0,0,0,57,0,0,53.35,3090.05,False,False,False,True,True,False,False,False,False,False,True,True,True,True,54.21140350877193,False,False,False,True,0,0.15298496,0
1,1,1,0,57,1,1,95.25,5427.05,True,False,False,False,False,False,False,True,False,True,True,False,False,True,95.21140350877194,False,False,False,True,1,0.31177983,2
0,0,1,0,64,1,0,19.45,1225.65,False,True,False,True,True,False,False,False,False,False,False,False,False,False,19.15078125,False,False,False,True,0,0.10079994,0
0,0,0,0,26,1,1,95.85,2475.35,True,False,True,False,False,False,False,False,True,False,True,True,False,True,95.20576923076922,False,False,True,False,0,0.42164713,1
0,1,1,0,39,1,0,99.1,3877.95,True,False,True,False,False,False,True,False,True,True,False,False,True,True,99.43461538461538,False,False,True,False,0,0.370464,2
0,0,1,0,19,1,1,59.8,1130.85,False,False,False,False,False,False,True,False,False,True,False,False,False,True,59.518421052631574,False,True,False,False,0,0.25844255,1
1,0,1,0,31,1,0,93.8,3019.5,True,False,False,False,False,True,False,True,False,True,True,False,True,False,97.40322580645162,False,False,True,False,1,0.6892532,1
0,0,1,1,6,1,0,19.85,119.3,False,True,False,False,False,False,True,False,False,False,False,False,False,False,19.883333333333333,False,False,False,False,0,0.22859924,3
1,0,0,0,52,1,1,89.45,4577.75,True,False,False,True,True,False,False,True,False,False,True,False,False,True,88.03365384615384,False,False,False,True,0,0.2746408,2
1,0,1,1,53,1,0,85.7,4616.1,False,False,False,False,False,True,False,True,True,False,True,True,True,True,87.09622641509435,False,False,False,True,0,0.21047537,2
0,1,0,0,56,1,1,111.95,6418.9,True,False,True,False,False,True,False,True,False,True,True,True,True,True,114.62321428571428,False,False,False,True,1,0.60116035,2
1,0,1,1,56,1,1,75.85,4261.2,False,False,False,True,True,False,False,True,True,True,False,True,False,True,76.09285714285714,False,False,False,True,0,0.09721117,2
1,0,1,1,49,1,1,99.8,4872.45,True,False,False,False,False,True,False,True,False,False,True,False,True,True,99.43775510204081,False,False,False,True,1,0.5368132,2
1,0,0,1,39,1,0,25.0,1004.35,False,True,False,True,False,False,True,True,False,False,False,False,False,False,25.752564102564104,False,False,True,False,0,0.109775916,0
0,0,1,1,61,1,1,99.15,6010.05,True,False,False,False,False,True,False,True,False,True,False,False,True,True,98.52540983606558,False,False,False,True,1,0.35844097,2
0,0,1,0,43,0,0,34.0,1505.35,False,False,False,False,False,False,False,False,True,False,False,True,False,False,35.00813953488372,False,False,True,False,0,0.227462,0
0,0,0,0,5,1,0,19.55,99.6,False,True,True,False,False,True,False,False,False,False,False,False,False,False,19.919999999999998,False,False,False,False,0,0.53092396,3
0,0,0,0,11,1,0,20.3,246.3,False,True,False,False,False,False,False,False,False,False,False,False,False,False,22.39090909090909,True,False,False,False,0,0.22227503,3
1,0,0,0,2,1,0,24.85,62.0,False,True,False,False,False,False,True,True,False,False,False,False,False,False,31.0,False,False,False,False,0,0.51733476,3
0,0,0,0,13,1,1,96.65,1244.5,True,False,False,False,False,True,False,True,True,True,False,False,True,False,95.73076923076923,False,True,False,False,1,0.8248906,1
1,0,1,1,72,1,0,81.0,5750.0,False,False,False,True,True,False,False,True,True,True,True,True,False,True,79.86111111111111,False,False,False,True,0,0.08842372,2
0,1,0,0,46,1,1,69.1,3255.35,False,False,True,False,True,False,False,True,False,False,True,True,False,True,70.76847826086956,False,False,True,False,0,0.22432749,2
1,0,1,0,71,1,1,108.55,7616.0,True,False,False,True,True,False,False,True,True,False,True,True,True,True,107.26760563380282,False,False,False,True,0,0.2665641,2
0,0,0,0,36,1,1,87.55,3078.1,True,False,False,False,False,True,False,False,False,False,True,True,False,True,85.50277777777778,False,False,True,False,1,0.5647067,1
1,0,1,0,64,1,1,108.5,6880.85,True,False,True,False,False,False,True,True,True,False,True,True,True,True,107.51328125,False,False,False,True,0,0.3727127,2
0,0,0,0,1,1,0,75.3,75.3,True,False,False,False,False,False,True,False,True,False,False,False,False,False,75.3,False,False,False,False,1,0.79069746,1
0,0,1,0,15,1,1,84.3,1308.4,True,False,False,False,False,True,False,False,False,False,True,False,True,False,87.22666666666667,False,True,False,False,1,0.6845924,1
1,0,1,0,36,1,0,20.0,666.75,False,True,True,False,False,False,True,False,False,False,False,False,False,False,18.520833333333332,False,False,True,False,0,0.11130052,3
0,0,1,1,6,0,0,40.55,217.5,False,False,False,True,False,False,True,False,False,True,True,True,False,False,36.25,False,False,False,False,0,0.19414802,3
1,0,1,0,30,1,1,50.0,1474.9,False,False,False,False,False,False,True,False,False,False,True,False,False,False,49.163333333333334,False,False,True,False,0,0.16693683,0
1,0,0,0,1,1,1,59.85,59.85,False,False,False,False,False,True,False,True,False,False,False,False,True,False,59.85,False,False,False,False,1,0.7022347,1
1,0,0,0,13,1,1,80.85,1008.7,True,False,False,False,False,True,False,False,False,False,False,False,False,True,77.5923076923077,False,True,False,False,1,0.65244174,1
1,0,1,1,61,1,0,20.4,1226.45,False,True,True,False,False,False,True,False,False,False,False,False,False,False,20.105737704918035,False,False,False,True,0,0.096908525,0
1,0,1,1,72,1,1,107.7,7919.8,True,False,False,True,True,False,False,True,True,True,False,True,True,True,109.99722222222222,False,False,False,True,0,0.12267771,2
0,0,1,1,67,1,0,74.0,4868.4,False,False,False,True,True,False,False,True,True,True,False,True,True,False,72.66268656716417,False,False,False,True,0,0.09566208,2
0,0,0,0,34,1,1,79.95,2727.3,False,False,True,False,False,False,False,False,True,False,True,True,True,True,80.21470588235294,False,False,True,False,0,0.2240533,1
0,0,1,0,72,1,0,20.5,1502.25,False,True,False,True,True,False,False,False,False,False,False,False,False,False,20.864583333333332,False,False,False,True,0,0.089505374,0
1,0,1,0,46,1,0,65.65,3047.15,False,False,False,True,False,False,True,False,True,True,True,True,False,False,66.24239130434783,False,False,True,False,0,0.10740849,0
0,0,0,0,7,1,1,75.1,552.95,True,False,False,False,False,False,False,True,False,False,False,False,False,False,78.99285714285715,True,False,False,False,1,0.724332,1
0,1,0,0,7,1,0,76.45,503.6,True,False,False,False,False,False,False,False,True,False,False,False,False,False,71.94285714285715,True,False,False,False,1,0.64022666,1
1,0,1,0,72,1,1,67.8,4804.65,False,False,False,True,False,False,False,True,True,True,True,True,False,False,66.73124999999999,False,False,False,True,0,0.08849929,2
0,0,1,1,32,1,1,86.1,2723.75,True,False,False,False,False,True,False,False,False,True,False,False,True,False,85.1171875,False,False,True,False,0,0.4403737,1
1,0,0,0,39,1,1,53.85,2200.7,False,False,False,True,True,False,False,True,False,False,False,True,False,False,56.42820512820512,False,False,True,False,0,0.148713,0
1,0,1,1,47,1,1,96.1,4391.45,True,False,True,False,False,True,False,False,True,True,True,False,False,True,93.43510638297872,False,False,True,False,0,0.34432837,2
0,1,1,0,50,1,1,95.05,4888.7,True,False,False,False,False,True,False,True,False,True,True,False,True,False,97.774,False,False,False,True,1,0.6236828,2
1,0,1,1,58,1,1,19.55,1108.8,False,True,True,False,False,True,False,False,False,False,False,False,False,False,19.117241379310343,False,False,False,True,0,0.14475928,0
0,0,0,0,41,1,1,81.3,3190.65,True,False,False,False,True,False,False,True,True,False,False,False,False,False,77.82073170731708,False,False,True,False,0,0.43627235,1
0,1,1,0,4,1,1,83.25,308.05,True,False,False,False,False,True,False,True,False,False,False,False,True,False,77.0125,False,False,False,False,0,0.799643,1
0,0,1,1,32,1,0,61.4,1864.65,False,False,False,False,False,False,False,False,True,True,False,True,False,False,58.2703125,False,False,True,False,0,0.15807605,1
1,0,0,0,1,1,0,20.75,20.75,False,True,False,False,True,False,False,False,False,False,False,False,False,False,20.75,False,False,False,False,0,0.5573299,3
1,0,0,0,19,1,0,19.65,358.15,False,True,False,True,False,False,True,False,False,False,False,False,False,False,18.849999999999998,False,True,False,False,0,0.12948045,3
0,1,1,0,62,1,1,104.85,6312.9,True,False,True,False,False,True,False,True,True,False,True,False,True,True,101.82096774193548,False,False,False,True,0,0.5649494,2
0,0,0,0,1,1,0,74.1,74.1,False,False,True,False,True,False,False,False,False,False,True,True,True,True,74.1,False,False,False,False,0,0.57833123,1
0,0,0,0,12,1,1,61.65,713.75,False,False,False,False,False,False,True,True,True,False,True,True,False,False,59.479166666666664,True,False,False,False,1,0.2893879,1
0,0,1,0,48,0,1,45.3,2145.0,False,False,False,False,False,False,False,False,True,False,True,False,False,True,44.6875,False,False,True,False,1,0.23756774,0
0,0,0,1,3,1,1,64.5,177.4,False,False,False,False,False,False,False,False,True,False,False,True,False,True,59.13333333333333,False,False,False,False,0,0.39889207,1
0,0,1,0,40,1,1,78.85,3126.85,True,False,False,False,True,False,False,True,False,False,False,True,False,False,78.17125,False,False,True,False,0,0.4210485,1
1,0,0,0,19,0,1,25.15,468.35,False,False,False,False,False,False,False,False,False,False,False,False,False,False,24.650000000000002,False,True,False,False,0,0.33317235,3
0,0,0,0,1,1,1,70.25,70.25,True,False,False,False,False,True,False,False,False,False,False,False,False,False,70.25,False,False,False,False,1,0.8372319,1
0,0,1,1,67,1,1,24.9,1680.25,False,True,False,True,False,False,True,True,False,False,False,False,False,False,25.078358208955223,False,False,False,True,0,0.08148811,0
0,0,1,1,16,1,0,100.7,1522.7,True,False,False,False,False,False,False,False,True,False,True,False,True,True,95.16875,False,True,False,False,0,0.49913782,1
0,0,0,0,1,1,1,19.55,19.55,False,True,False,False,False,False,True,False,False,False,False,False,False,False,19.55,False,False,False,False,0,0.6014103,3
0,0,0,1,21,0,0,53.15,1183.2,False,False,False,True,False,False,True,False,True,True,True,True,True,False,56.34285714285714,False,True,False,False,0,0.17455074,1
0,1,1,1,29,0,1,35.65,1025.15,False,False,False,False,False,False,True,False,False,True,True,False,False,False,35.35,False,False,True,False,0,0.2280264,3
1,1,1,1,20,1,0,94.3,1818.3,True,False,True,False,True,False,False,False,True,False,True,True,False,True,90.91499999999999,False,True,False,False,0,0.3667955,1
0,0,1,0,13,1,0,94.1,1215.6,True,False,False,False,False,True,False,True,False,True,True,False,True,False,93.5076923076923,False,True,False,False,1,0.7981853,1
1,0,1,1,9,0,1,29.95,248.95,False,False,False,False,False,True,False,False,False,True,False,False,False,False,27.66111111111111,True,False,False,False,1,0.35254884,3
1,0,1,0,51,1,1,83.25,4089.45,False,False,False,True,True,False,False,False,True,True,True,True,True,True,80.18529411764706,False,False,False,True,0,0.11092459,2
1,0,1,1,60,1,1,79.05,4663.4,False,False,False,False,True,False,False,False,True,True,False,True,True,True,77.72333333333333,False,False,False,True,0,0.16381456,2
0,1,0,0,20,1,1,79.15,1520.9,True,False,False,False,False,True,False,True,True,False,False,False,False,False,76.045,False,True,False,False,1,0.7503786,1
1,0,0,0,9,0,1,34.7,296.1,False,False,False,False,True,False,False,False,False,False,False,False,True,False,32.900000000000006,True,False,False,False,1,0.3993874,3
0,1,1,0,8,1,1,80.65,633.3,True,False,False,False,True,False,False,True,False,True,False,False,False,False,79.1625,True,False,False,False,1,0.69765687,1
1,0,1,0,63,1,0,79.8,5034.05,False,False,False,True,True,False,False,True,False,False,True,True,True,True,79.90555555555555,False,False,False,True,0,0.108581975,2
0,0,1,1,10,1,1,65.9,660.05,False,False,True,False,False,False,True,False,False,True,True,False,False,True,66.005,True,False,False,False,0,0.28027278,1
0,0,0,0,3,1,1,69.95,220.45,False,False,True,False,False,True,False,False,False,False,True,False,True,True,73.48333333333333,False,False,False,False,0,0.5879314,1
1,0,1,1,44,1,0,20.6,926.0,False,True,True,False,False,False,False,False,False,False,False,False,False,False,21.045454545454547,False,False,True,False,0,0.103241384,0
1,0,1,1,8,1,1,51.3,411.6,False,False,False,False,True,False,False,False,True,False,False,False,False,False,51.45,True,False,False,False,0,0.2334362,3
1,0,1,1,61,1,1,106.0,6547.7,True,False,True,False,False,True,False,True,True,True,False,False,True,True,107.33934426229509,False,False,False,True,1,0.30692992,2
0,0,1,1,43,1,1,99.3,4209.95,True,False,False,False,False,False,False,True,False,False,True,False,True,True,97.90581395348836,False,False,True,False,0,0.44652292,2
1,0,1,0,43,1,1,56.35,2391.15,False,False,True,False,False,False,True,False,False,False,False,False,True,False,55.608139534883726,False,False,True,False,0,0.13026203,0
0,0,0,0,5,1,1,50.6,249.95,False,False,False,False,False,False,True,True,False,False,False,False,False,False,49.989999999999995,False,False,False,False,1,0.50486135,3
1,0,1,1,29,1,0,69.05,1958.45,False,False,True,False,False,False,False,True,True,False,False,True,True,False,67.53275862068966,False,False,True,False,0,0.12555811,1
1,1,1,0,54,1,1,99.05,5295.7,True,False,False,False,True,False,False,True,False,False,True,False,True,True,98.06851851851852,False,False,False,True,0,0.45929253,2
1,0,1,0,50,1,1,98.25,4858.7,True,False,True,False,False,True,False,True,False,True,False,False,True,True,97.17399999999999,False,False,False,True,0,0.6872649,2
0,0,0,0,68,1,1,88.15,6148.45,False,False,False,True,False,True,False,True,True,True,True,True,True,True,90.41838235294118,False,False,False,True,0,0.28712004,2
0,1,1,1,1,1,1,69.25,69.25,True,False,False,False,False,True,False,False,False,False,False,False,False,False,69.25,False,False,False,False,1,0.76518816,1
0,0,1,1,72,1,1,108.3,7679.65,True,False,False,True,False,False,False,False,True,True,True,True,True,True,106.66180555555555,False,False,False,True,0,0.14972249,2
0,0,0,0,55,1,1,73.1,4144.9,True,False,False,False,False,True,False,True,False,False,False,False,False,False,75.36181818181818,False,False,False,True,0,0.59036773,2
1,0,0,0,3,1,1,70.3,220.4,True,False,False,False,False,False,True,False,False,False,False,False,False,False,73.46666666666667,False,False,False,False,0,0.59170085,1
1,0,0,0,1,1,0,19.05,19.05,False,True,False,False,False,False,True,False,False,False,False,False,False,False,19.05,False,False,False,False,0,0.3754094,3
0,0,1,1,7,1,0,19.85,144.15,False,True,False,True,False,False,True,False,False,False,False,False,False,False,20.592857142857145,True,False,False,False,0,0.13569994,3
1,1,0,0,9,1,1,84.4,732.5,True,False,False,False,True,False,False,True,False,False,False,False,False,True,81.38888888888889,True,False,False,False,1,0.6678112,1
1,0,0,0,37,0,0,35.8,1316.9,False,False,False,True,True,False,False,False,False,False,False,False,True,False,35.5918918918919,False,False,True,False,0,0.1982058,0
1,0,1,1,62,1,0,86.1,5215.25,False,False,False,True,False,True,False,False,True,True,True,True,True,True,84.11693548387096,False,False,False,True,0,0.1418801,2
0,0,1,1,56,1,1,61.3,3346.8,False,False,False,True,True,False,False,False,True,True,True,False,False,False,59.76428571428572,False,False,False,True,0,0.088957615,0
0,0,1,1,27,1,0,24.5,761.95,False,True,False,True,False,True,False,True,False,False,False,False,False,False,28.22037037037037,False,False,True,False,0,0.17693324,3
0,0,1,1,49,1,1,87.2,4345.0,False,False,True,False,False,False,True,False,True,True,True,True,True,True,88.6734693877551,False,False,False,True,0,0.2001665,2
1,0,1,1,28,1,1,20.3,487.95,False,True,False,True,True,False,False,False,False,False,False,False,False,False,17.426785714285714,False,False,True,False,0,0.09997588,3
1,0,0,0,5,1,0,20.65,93.55,False,True,False,False,False,False,False,False,False,False,False,False,False,False,18.71,False,False,False,False,0,0.22893149,3
0,0,0,0,56,1,0,19.7,1051.9,False,True,False,True,False,False,False,False,False,False,False,False,False,False,18.78392857142857,False,False,False,True,0,0.12250554,0
0,0,1,1,72,1,1,70.45,5165.7,False,False,False,True,False,False,False,True,True,True,True,True,False,False,71.74583333333334,False,False,False,True,0,0.09147434,2
